video_bvid,video_aid,video_title,video_author,video_pubdate,video_play,video_review_count,rpid,root_rpid,parent_rpid,user_id,username,user_level,message,like_count,reply_count,comment_time,comment_timestamp
BV1YxhU6BEa1,117332164810161,邪恶小鼠标，4分钟告诉你二手特斯拉model 3怎么选,苏悟空说车,2026-09-26 17:30:00,10322,42,315161383633,315161383633,,2094882661,衣裹先生,4,焕新的二手和优惠完的新车，价差还是不小的，尤其是长续版本，官方实打实的优惠其实是5000现金+8000保险，颜色的8000有相当一部分人不那么在意，然后还要付10000的购置税，实际落地还是要近28万，23年或24年二手车差不多1718，算上保险钱，差价到了9万了,9,5,2026-09-26 22:07:28,1790431648
BV1YxhU6BEa1,117332164810161,邪恶小鼠标，4分钟告诉你二手特斯拉model 3怎么选,苏悟空说车,2026-09-26 17:30:00,10322,42,315163174529,315161383633,315161383633,2094882661,衣裹先生,4,回复 @前妻巧克力 :我不知道啊，我只是陈述客观情况，不做评价不带观点,1,0,2026-09-26 22:23:08,1790432588
BV1YxhU6BEa1,117332164810161,邪恶小鼠标，4分钟告诉你二手特斯拉model 3怎么选,苏悟空说车,2026-09-26 17:30:00,10322,42,315175565793,315161383633,315161383633,9980779,笺秋,6,回复 @前妻巧克力 : 这还保值？两年10万,1,0,2026-09-27 00:18:35,1790439515
BV1YxhU6BEa1,117332164810161,邪恶小鼠标，4分钟告诉你二手特斯拉model 3怎么选,苏悟空说车,2026-09-26 17:30:00,10322,42,318698180448,318698180448,,2549234,头很大很头大,6,求二手modelY推荐,8,1,2026-09-26 20:58:50,1790427530
BV1YxhU6BEa1,117332164810161,邪恶小鼠标，4分钟告诉你二手特斯拉model 3怎么选,苏悟空说车,2026-09-26 17:30:00,10322,42,318833723184,318698180448,318698180448,350814321,极点飞行,5,和3同理，价格+1w,0,0,2026-09-27 23:54:57,1790524497
BV1YxhU6BEa1,117332164810161,邪恶小鼠标，4分钟告诉你二手特斯拉model 3怎么选,苏悟空说车,2026-09-26 17:30:00,10322,42,315142732785,315142732785,,7769182,施桀骜,6,我推荐 只要你在冬天不是太冷的地方，可以买20款改款标续，搭载宁德时代磷酸铁锂电池&没有热泵,6,0,2026-09-26 19:20:17,1790421617
BV1Fij46HEBE,116785932211319,特斯拉V100显卡 绝对不要买  惊天骗局  已有很多小白买了V100多卡主机后  大呼上当了 到底怎么回事？,wangyi_AI_Studio,2026-06-21 11:21:14,28350,117,314966156512,314966156512,,302999649,gundamyhj,6,想玩这个卡看我忠告，这个卡本身成本还好吧，但是对电脑要求有点儿苛刻，要么有核显要么加亮机卡，如果改了4090散热器的建议直接换u用核显吧，魔改4090会把pcie 4x槽挡住总不能把亮机卡插16x v100上4x那样v100脸贴地不说载入速度大打折扣，我就是把cpu从5700x换成了5700g舒服很多，双卡的话很可能放不下，这是我血的教训。还有就是e3之类的老平台肯定不支持啊因为主板没有above4g肯定点不亮，笔记本想外接oculink的也肯定不行因为bios也没有above4g选项，如果笔记本有above4g那就美死了可惜基本都没有。这些一定要注意，这个卡价格没起飞的原因就是要求太苛刻了，只能围绕台式机或者modt来组平台，迷你主机与笔记本几乎全都不能玩这个一定要注意。,25,7,2026-08-24 15:49:16,1787557756
BV1Fij46HEBE,116785932211319,特斯拉V100显卡 绝对不要买  惊天骗局  已有很多小白买了V100多卡主机后  大呼上当了 到底怎么回事？,wangyi_AI_Studio,2026-06-21 11:21:14,28350,117,311697078433,314966156512,314966156512,2022161153,wangyi_AI_Studio,5,"我是台式机5090作亮机卡，主板打开4G,V100外接显卡坞，非常稳定！",2,0,2026-08-25 16:29:35,1787646575
BV1Fij46HEBE,116785932211319,特斯拉V100显卡 绝对不要买  惊天骗局  已有很多小白买了V100多卡主机后  大呼上当了 到底怎么回事？,wangyi_AI_Studio,2026-06-21 11:21:14,28350,117,315109265888,314966156512,314966156512,302999649,gundamyhj,6,回复 @wangyi_AI_Studio :据说双n卡比较难设置，打算做个教程啥的不？我都用amd的亮机卡,0,0,2026-08-25 16:57:59,1787648279
BV1Fij46HEBE,116785932211319,特斯拉V100显卡 绝对不要买  惊天骗局  已有很多小白买了V100多卡主机后  大呼上当了 到底怎么回事？,wangyi_AI_Studio,2026-06-21 11:21:14,28350,117,307457582944,307457582944,,302999649,gundamyhj,6,505入了一块400时候又入了一块，怎么说呢，期待太高的别买，学习ai偶尔打打游戏还是不错的，除了涨价别的还好,15,9,2026-06-30 07:47:41,1782776861
BV1Fij46HEBE,116785932211319,特斯拉V100显卡 绝对不要买  惊天骗局  已有很多小白买了V100多卡主机后  大呼上当了 到底怎么回事？,wangyi_AI_Studio,2026-06-21 11:21:14,28350,117,304340634609,307457582944,307457582944,2022161153,wangyi_AI_Studio,5,随便玩玩就是神卡，问题是总有小白买了多张16G的V１００要在COMFYUI玩多卡，还要做什么AI短剧，这。。。[笑哭],18,0,2026-06-30 12:26:34,1782793594
BV1Fij46HEBE,116785932211319,特斯拉V100显卡 绝对不要买  惊天骗局  已有很多小白买了V100多卡主机后  大呼上当了 到底怎么回事？,wangyi_AI_Studio,2026-06-21 11:21:14,28350,117,307500948880,307457582944,307457582944,302999649,gundamyhj,6,回复 @秋葉aaak不是wangyiAI :那可真是乱花钱，多卡顶多跑个聊天模型写个剧本。做短剧最好还是三个x090，最好5090硬件支持最新的格式。,7,0,2026-06-30 15:59:43,1782806383
BV1Fij46HEBE,116785932211319,特斯拉V100显卡 绝对不要买  惊天骗局  已有很多小白买了V100多卡主机后  大呼上当了 到底怎么回事？,wangyi_AI_Studio,2026-06-21 11:21:14,28350,117,303643963137,303643963137,,689246192,大卫罗9527,4,不买吗？可是腾讯4张32g  v100 的服务器，一个月2万月租[大哭],15,11,2026-06-23 22:25:36,1782224736
BV1Fij46HEBE,116785932211319,特斯拉V100显卡 绝对不要买  惊天骗局  已有很多小白买了V100多卡主机后  大呼上当了 到底怎么回事？,wangyi_AI_Studio,2026-06-21 11:21:14,28350,117,304340969857,303643963137,303643963137,2022161153,wangyi_AI_Studio,5,一个月2W月租 ？？？[哦呼]你自己买4张32G的V１００都要不了２W,32,0,2026-06-30 12:27:41,1782793661
BV1Fij46HEBE,116785932211319,特斯拉V100显卡 绝对不要买  惊天骗局  已有很多小白买了V100多卡主机后  大呼上当了 到底怎么回事？,wangyi_AI_Studio,2026-06-21 11:21:14,28350,117,306734567601,303643963137,303643963137,689246192,大卫罗9527,4,回复 @wangyi_AI_Studio :但是腾讯的贵，但是服务保证不会硬件故障，且不用额外付电费。,5,0,2026-07-19 16:39:16,1784450356
BV1YMrMB5EWB,115865819288272,300多元价格3070的性能 特斯拉V100显卡保姆使用教程,入梦sys,2026-01-10 12:00:00,218562,607,288107833680,288107833680,,221550845,鲁提辖三打白雪公主,6,首先，300的V100你在哪买的,338,24,2026-01-10 19:28:45,1768044525
BV1YMrMB5EWB,115865819288272,300多元价格3070的性能 特斯拉V100显卡保姆使用教程,入梦sys,2026-01-10 12:00:00,218562,607,286033541713,288107833680,288107833680,475564965,ぅ往事如梦ぃ,6,是的这个非常致命了[doge]标题党,156,0,2026-01-10 21:03:39,1768050219
BV1YMrMB5EWB,115865819288272,300多元价格3070的性能 特斯拉V100显卡保姆使用教程,入梦sys,2026-01-10 12:00:00,218562,607,286373027473,288107833680,288107833680,337125176,范德-彪李昂,6,现在不行了，我当时 420 买的，买完一个月跌到 360，现在又涨回来了,21,0,2026-01-14 12:16:05,1768364165
BV1YMrMB5EWB,115865819288272,300多元价格3070的性能 特斯拉V100显卡保姆使用教程,入梦sys,2026-01-10 12:00:00,218562,607,288082202784,288082202784,,313193303,一箱家具,5,看似三百实则快一千了，除非你是真的对大显存很有需要，要不然买张20系矿卡都比这靠谱点,217,13,2026-01-10 15:17:42,1768029462
BV1YMrMB5EWB,115865819288272,300多元价格3070的性能 特斯拉V100显卡保姆使用教程,入梦sys,2026-01-10 12:00:00,218562,607,286009580257,288082202784,288082202784,386420067,入梦sys,6,这卡主要是ai，目前来说，这个价格16g显存还是无敌的,33,0,2026-01-10 17:13:38,1768036418
BV1YMrMB5EWB,115865819288272,300多元价格3070的性能 特斯拉V100显卡保姆使用教程,入梦sys,2026-01-10 12:00:00,218562,607,286037570561,288082202784,288082202784,10301753,kim785,5,回复 @入梦sys :不是还有AMD的MI50计算卡吗,4,0,2026-01-10 21:41:25,1768052485
BV1YMrMB5EWB,115865819288272,300多元价格3070的性能 特斯拉V100显卡保姆使用教程,入梦sys,2026-01-10 12:00:00,218562,607,286005768737,286005768737,,509380554,ciclv5,6,"好好说话不行么?看标题  300卡我马上买了,到货了才发现还得在掏7 800元买配件才能用, 还不一定好用[辣眼睛][辣眼睛][辣眼睛]",145,30,2026-01-10 16:28:36,1768033716
BV1YMrMB5EWB,115865819288272,300多元价格3070的性能 特斯拉V100显卡保姆使用教程,入梦sys,2026-01-10 12:00:00,218562,607,286012180401,286005768737,286005768737,386420067,入梦sys,6,"标题是开个玩笑,这卡好用的,玩起来倒是没有任何问题,但是主要在于AI[笑哭]
16G显存,N卡,AI这几个词连起来,那价格除了这张卡,都上天了",48,0,2026-01-10 17:40:40,1768038040
BV1YMrMB5EWB,115865819288272,300多元价格3070的性能 特斯拉V100显卡保姆使用教程,入梦sys,2026-01-10 12:00:00,218562,607,288095587776,286005768737,286005768737,38629124,陈弈迅所長,6,只看标题就买了吗，那很果断了,73,0,2026-01-10 17:42:14,1768038134
