video_bvid,video_aid,video_title,video_author,video_pubdate,video_play,video_review_count,part_page,part_title,cid,time_seconds,mode,font_size,color,send_time,send_timestamp,danmaku_pool,user_hash,row_id,text
BV1DvaV6BEXK,117348455486747,【离限户外】起飞！ProMax大乱斗！小米18Pro Max、OPPO FindX10 Pro Max、和vivo X500 Pro Max户外综合体验,离限玩家Online,2026-09-28 19:45:42,4452,73,1,【离限户外】起飞！ProMax大乱斗！小米18Pro Max、OPPO FindX10 Pro Max、和vivo X500 Pro Max户外综合体验,42277536443,1093.85600,1,25,16777215,2026-09-28 20:06:19,1790597179,0,ed4e9c55,2210448364981121280,对比iPhone成功
BV1DvaV6BEXK,117348455486747,【离限户外】起飞！ProMax大乱斗！小米18Pro Max、OPPO FindX10 Pro Max、和vivo X500 Pro Max户外综合体验,离限玩家Online,2026-09-28 19:45:42,4452,73,1,【离限户外】起飞！ProMax大乱斗！小米18Pro Max、OPPO FindX10 Pro Max、和vivo X500 Pro Max户外综合体验,42277536443,358.17200,1,25,16777215,2026-09-28 20:27:46,1790598466,0,829f0d86,2210459164751361280,天马只是拍出来是红的，肉眼看不会红
BV1DvaV6BEXK,117348455486747,【离限户外】起飞！ProMax大乱斗！小米18Pro Max、OPPO FindX10 Pro Max、和vivo X500 Pro Max户外综合体验,离限玩家Online,2026-09-28 19:45:42,4452,73,1,【离限户外】起飞！ProMax大乱斗！小米18Pro Max、OPPO FindX10 Pro Max、和vivo X500 Pro Max户外综合体验,42277536443,140.03200,1,25,15138834,2026-09-28 20:27:34,1790598454,0,386ca057,2210459064574589696,跑步的时候让你用4分钟的配速和3分半的配速跑，差距大不大
BV1DvaV6BEXK,117348455486747,【离限户外】起飞！ProMax大乱斗！小米18Pro Max、OPPO FindX10 Pro Max、和vivo X500 Pro Max户外综合体验,离限玩家Online,2026-09-28 19:45:42,4452,73,1,【离限户外】起飞！ProMax大乱斗！小米18Pro Max、OPPO FindX10 Pro Max、和vivo X500 Pro Max户外综合体验,42277536443,1514.65900,1,25,16777215,2026-09-28 20:27:29,1790598449,0,16ed1e6a,2210459024351919616,小米这比喻……
BV1DvaV6BEXK,117348455486747,【离限户外】起飞！ProMax大乱斗！小米18Pro Max、OPPO FindX10 Pro Max、和vivo X500 Pro Max户外综合体验,离限玩家Online,2026-09-28 19:45:42,4452,73,1,【离限户外】起飞！ProMax大乱斗！小米18Pro Max、OPPO FindX10 Pro Max、和vivo X500 Pro Max户外综合体验,42277536443,123.05400,1,25,16777215,2026-09-28 20:26:55,1790598415,3,bdd124aa,2210458737352036096,小米！
BV1DvaV6BEXK,117348455486747,【离限户外】起飞！ProMax大乱斗！小米18Pro Max、OPPO FindX10 Pro Max、和vivo X500 Pro Max户外综合体验,离限玩家Online,2026-09-28 19:45:42,4452,73,1,【离限户外】起飞！ProMax大乱斗！小米18Pro Max、OPPO FindX10 Pro Max、和vivo X500 Pro Max户外综合体验,42277536443,685.32000,1,25,16777215,2026-09-28 20:26:16,1790598376,0,9933961d,2210458411605350144,恭喜赢得第一名  哈哈哈
BV1DvaV6BEXK,117348455486747,【离限户外】起飞！ProMax大乱斗！小米18Pro Max、OPPO FindX10 Pro Max、和vivo X500 Pro Max户外综合体验,离限玩家Online,2026-09-28 19:45:42,4452,73,1,【离限户外】起飞！ProMax大乱斗！小米18Pro Max、OPPO FindX10 Pro Max、和vivo X500 Pro Max户外综合体验,42277536443,1182.30800,1,25,16777215,2026-09-28 20:26:12,1790598372,0,54367159,2210458378277503232,之前怎么没有理中客 你不能只在小米不行的时候才说这个没用
BV1DvaV6BEXK,117348455486747,【离限户外】起飞！ProMax大乱斗！小米18Pro Max、OPPO FindX10 Pro Max、和vivo X500 Pro Max户外综合体验,离限玩家Online,2026-09-28 19:45:42,4452,73,1,【离限户外】起飞！ProMax大乱斗！小米18Pro Max、OPPO FindX10 Pro Max、和vivo X500 Pro Max户外综合体验,42277536443,366.32000,1,25,16777215,2026-09-28 20:25:38,1790598338,0,d541f94c,2210458090011426560,OPPO是因为AR膜的问题吧 撕了看看效果
BV1DvaV6BEXK,117348455486747,【离限户外】起飞！ProMax大乱斗！小米18Pro Max、OPPO FindX10 Pro Max、和vivo X500 Pro Max户外综合体验,离限玩家Online,2026-09-28 19:45:42,4452,73,1,【离限户外】起飞！ProMax大乱斗！小米18Pro Max、OPPO FindX10 Pro Max、和vivo X500 Pro Max户外综合体验,42277536443,123.13900,1,25,16777215,2026-09-28 20:24:37,1790598277,3,b6bcf0d9,2210457574405647360,离限&亦周！
BV1DvaV6BEXK,117348455486747,【离限户外】起飞！ProMax大乱斗！小米18Pro Max、OPPO FindX10 Pro Max、和vivo X500 Pro Max户外综合体验,离限玩家Online,2026-09-28 19:45:42,4452,73,1,【离限户外】起飞！ProMax大乱斗！小米18Pro Max、OPPO FindX10 Pro Max、和vivo X500 Pro Max户外综合体验,42277536443,510.33200,1,25,16777215,2026-09-28 20:24:13,1790598253,0,4346eac7,2210457375033618688,还说自己经常是拍照的，你个拍照的，这个颜色这么纠结我觉得你不像个经常拍照的，你用哪一个相机拍出来是还原颜色
BV1DvaV6BEXK,117348455486747,【离限户外】起飞！ProMax大乱斗！小米18Pro Max、OPPO FindX10 Pro Max、和vivo X500 Pro Max户外综合体验,离限玩家Online,2026-09-28 19:45:42,4452,73,1,【离限户外】起飞！ProMax大乱斗！小米18Pro Max、OPPO FindX10 Pro Max、和vivo X500 Pro Max户外综合体验,42277536443,1187.14400,1,25,16777215,2026-09-28 20:23:34,1790598214,0,c9861fcf,2210457046116091136,等你厕所没有纸时候就知道重要性了
BV1DvaV6BEXK,117348455486747,【离限户外】起飞！ProMax大乱斗！小米18Pro Max、OPPO FindX10 Pro Max、和vivo X500 Pro Max户外综合体验,离限玩家Online,2026-09-28 19:45:42,4452,73,1,【离限户外】起飞！ProMax大乱斗！小米18Pro Max、OPPO FindX10 Pro Max、和vivo X500 Pro Max户外综合体验,42277536443,498.68700,1,25,16777215,2026-09-28 20:23:07,1790598187,0,4346eac7,2210456827383441408,能不能不要老说颜色这个颜色重要吗？能不能说说他们之间的清晰度解析力
BV1DvaV6BEXK,117348455486747,【离限户外】起飞！ProMax大乱斗！小米18Pro Max、OPPO FindX10 Pro Max、和vivo X500 Pro Max户外综合体验,离限玩家Online,2026-09-28 19:45:42,4452,73,1,【离限户外】起飞！ProMax大乱斗！小米18Pro Max、OPPO FindX10 Pro Max、和vivo X500 Pro Max户外综合体验,42277536443,365.21300,1,25,16777215,2026-09-28 20:22:55,1790598175,0,6b17e603,2210456722039207424,买到正品了
BV1DvaV6BEXK,117348455486747,【离限户外】起飞！ProMax大乱斗！小米18Pro Max、OPPO FindX10 Pro Max、和vivo X500 Pro Max户外综合体验,离限玩家Online,2026-09-28 19:45:42,4452,73,1,【离限户外】起飞！ProMax大乱斗！小米18Pro Max、OPPO FindX10 Pro Max、和vivo X500 Pro Max户外综合体验,42277536443,1601.50900,1,25,41194,2026-09-28 20:22:19,1790598139,0,5f54bd28,2210456420225704960,小米拉完了呀
BV1DvaV6BEXK,117348455486747,【离限户外】起飞！ProMax大乱斗！小米18Pro Max、OPPO FindX10 Pro Max、和vivo X500 Pro Max户外综合体验,离限玩家Online,2026-09-28 19:45:42,4452,73,1,【离限户外】起飞！ProMax大乱斗！小米18Pro Max、OPPO FindX10 Pro Max、和vivo X500 Pro Max户外综合体验,42277536443,1182.63100,1,25,16740868,2026-09-28 20:21:41,1790598101,0,ab939a9e,2210456102909579520,只要是没比赢的项目就是意义不大的
BV1DvaV6BEXK,117348455486747,【离限户外】起飞！ProMax大乱斗！小米18Pro Max、OPPO FindX10 Pro Max、和vivo X500 Pro Max户外综合体验,离限玩家Online,2026-09-28 19:45:42,4452,73,1,【离限户外】起飞！ProMax大乱斗！小米18Pro Max、OPPO FindX10 Pro Max、和vivo X500 Pro Max户外综合体验,42277536443,1116.45800,1,25,16777215,2026-09-28 20:21:27,1790598087,0,2cb23147,2210455985058378496,哈哈
BV1DvaV6BEXK,117348455486747,【离限户外】起飞！ProMax大乱斗！小米18Pro Max、OPPO FindX10 Pro Max、和vivo X500 Pro Max户外综合体验,离限玩家Online,2026-09-28 19:45:42,4452,73,1,【离限户外】起飞！ProMax大乱斗！小米18Pro Max、OPPO FindX10 Pro Max、和vivo X500 Pro Max户外综合体验,42277536443,1424.88100,5,25,38979,2026-09-28 20:20:29,1790598029,0,5f54bd28,2210455499928572672,OPPO还可以
BV1DvaV6BEXK,117348455486747,【离限户外】起飞！ProMax大乱斗！小米18Pro Max、OPPO FindX10 Pro Max、和vivo X500 Pro Max户外综合体验,离限玩家Online,2026-09-28 19:45:42,4452,73,1,【离限户外】起飞！ProMax大乱斗！小米18Pro Max、OPPO FindX10 Pro Max、和vivo X500 Pro Max户外综合体验,42277536443,2667.33800,1,25,16777215,2026-09-28 20:18:02,1790597882,0,b8bdaa73,2210454261509489664,现在这个价钱。谁会买小米
BV1DvaV6BEXK,117348455486747,【离限户外】起飞！ProMax大乱斗！小米18Pro Max、OPPO FindX10 Pro Max、和vivo X500 Pro Max户外综合体验,离限玩家Online,2026-09-28 19:45:42,4452,73,1,【离限户外】起飞！ProMax大乱斗！小米18Pro Max、OPPO FindX10 Pro Max、和vivo X500 Pro Max户外综合体验,42277536443,858.49900,1,25,16777215,2026-09-28 20:17:52,1790597872,0,9ab7393a,2210454184653367552,3a大作
BV1DvaV6BEXK,117348455486747,【离限户外】起飞！ProMax大乱斗！小米18Pro Max、OPPO FindX10 Pro Max、和vivo X500 Pro Max户外综合体验,离限玩家Online,2026-09-28 19:45:42,4452,73,1,【离限户外】起飞！ProMax大乱斗！小米18Pro Max、OPPO FindX10 Pro Max、和vivo X500 Pro Max户外综合体验,42277536443,148.51900,1,25,16777215,2026-09-28 20:16:54,1790597814,0,5b9a606f,2210453697392584448,米祖传暗屏幕
BV1DvaV6BEXK,117348455486747,【离限户外】起飞！ProMax大乱斗！小米18Pro Max、OPPO FindX10 Pro Max、和vivo X500 Pro Max户外综合体验,离限玩家Online,2026-09-28 19:45:42,4452,73,1,【离限户外】起飞！ProMax大乱斗！小米18Pro Max、OPPO FindX10 Pro Max、和vivo X500 Pro Max户外综合体验,42277536443,124.77000,1,25,16777215,2026-09-28 20:16:29,1790597789,3,e92deeb4,2210453487735971328,离限&亦周！
BV1DvaV6BEXK,117348455486747,【离限户外】起飞！ProMax大乱斗！小米18Pro Max、OPPO FindX10 Pro Max、和vivo X500 Pro Max户外综合体验,离限玩家Online,2026-09-28 19:45:42,4452,73,1,【离限户外】起飞！ProMax大乱斗！小米18Pro Max、OPPO FindX10 Pro Max、和vivo X500 Pro Max户外综合体验,42277536443,362.48700,1,25,16777215,2026-09-28 20:16:10,1790597770,0,6547b7ec,2210453321691526912,要看是谁家的高通
BV1DvaV6BEXK,117348455486747,【离限户外】起飞！ProMax大乱斗！小米18Pro Max、OPPO FindX10 Pro Max、和vivo X500 Pro Max户外综合体验,离限玩家Online,2026-09-28 19:45:42,4452,73,1,【离限户外】起飞！ProMax大乱斗！小米18Pro Max、OPPO FindX10 Pro Max、和vivo X500 Pro Max户外综合体验,42277536443,743.14600,1,25,16777215,2026-09-28 20:15:55,1790597755,0,986e110a,2210453195778848768,vivo颜色感觉艳的溢出了
BV1DvaV6BEXK,117348455486747,【离限户外】起飞！ProMax大乱斗！小米18Pro Max、OPPO FindX10 Pro Max、和vivo X500 Pro Max户外综合体验,离限玩家Online,2026-09-28 19:45:42,4452,73,1,【离限户外】起飞！ProMax大乱斗！小米18Pro Max、OPPO FindX10 Pro Max、和vivo X500 Pro Max户外综合体验,42277536443,125.25000,1,25,16777215,2026-09-28 20:15:33,1790597733,3,c463350b,2210453016145222656,小米！
BV1DvaV6BEXK,117348455486747,【离限户外】起飞！ProMax大乱斗！小米18Pro Max、OPPO FindX10 Pro Max、和vivo X500 Pro Max户外综合体验,离限玩家Online,2026-09-28 19:45:42,4452,73,1,【离限户外】起飞！ProMax大乱斗！小米18Pro Max、OPPO FindX10 Pro Max、和vivo X500 Pro Max户外综合体验,42277536443,678.81900,1,25,16777215,2026-09-28 20:14:39,1790597679,0,9ab7393a,2210452561440879616,？？
BV1DvaV6BEXK,117348455486747,【离限户外】起飞！ProMax大乱斗！小米18Pro Max、OPPO FindX10 Pro Max、和vivo X500 Pro Max户外综合体验,离限玩家Online,2026-09-28 19:45:42,4452,73,1,【离限户外】起飞！ProMax大乱斗！小米18Pro Max、OPPO FindX10 Pro Max、和vivo X500 Pro Max户外综合体验,42277536443,1178.73300,1,25,16777215,2026-09-28 20:14:32,1790597672,0,227f6bad,2210452503928439296,知说明这地方型号真的差，但平时生活中大部分人，极少情况才能遇到这种情况，这个测试参考意义不大
BV1DvaV6BEXK,117348455486747,【离限户外】起飞！ProMax大乱斗！小米18Pro Max、OPPO FindX10 Pro Max、和vivo X500 Pro Max户外综合体验,离限玩家Online,2026-09-28 19:45:42,4452,73,1,【离限户外】起飞！ProMax大乱斗！小米18Pro Max、OPPO FindX10 Pro Max、和vivo X500 Pro Max户外综合体验,42277536443,212.92400,1,25,16777215,2026-09-28 20:13:40,1790597620,0,6547b7ec,2210452066713995776,我家最近的商场ovmH连一起
BV1DvaV6BEXK,117348455486747,【离限户外】起飞！ProMax大乱斗！小米18Pro Max、OPPO FindX10 Pro Max、和vivo X500 Pro Max户外综合体验,离限玩家Online,2026-09-28 19:45:42,4452,73,1,【离限户外】起飞！ProMax大乱斗！小米18Pro Max、OPPO FindX10 Pro Max、和vivo X500 Pro Max户外综合体验,42277536443,195.09400,1,25,16777215,2026-09-28 20:13:22,1790597602,0,6547b7ec,2210451917489037056,很正常
BV1DvaV6BEXK,117348455486747,【离限户外】起飞！ProMax大乱斗！小米18Pro Max、OPPO FindX10 Pro Max、和vivo X500 Pro Max户外综合体验,离限玩家Online,2026-09-28 19:45:42,4452,73,1,【离限户外】起飞！ProMax大乱斗！小米18Pro Max、OPPO FindX10 Pro Max、和vivo X500 Pro Max户外综合体验,42277536443,7.09700,1,25,16777215,2026-09-28 20:13:09,1790597589,0,1d1c3420,2210451808487409408,笑死了，GieGie
BV1DvaV6BEXK,117348455486747,【离限户外】起飞！ProMax大乱斗！小米18Pro Max、OPPO FindX10 Pro Max、和vivo X500 Pro Max户外综合体验,离限玩家Online,2026-09-28 19:45:42,4452,73,1,【离限户外】起飞！ProMax大乱斗！小米18Pro Max、OPPO FindX10 Pro Max、和vivo X500 Pro Max户外综合体验,42277536443,122.28000,1,25,16777215,2026-09-28 20:13:00,1790597580,3,6227199c,2210451732662655232,离限&亦周！
BV1DvaV6BEXK,117348455486747,【离限户外】起飞！ProMax大乱斗！小米18Pro Max、OPPO FindX10 Pro Max、和vivo X500 Pro Max户外综合体验,离限玩家Online,2026-09-28 19:45:42,4452,73,1,【离限户外】起飞！ProMax大乱斗！小米18Pro Max、OPPO FindX10 Pro Max、和vivo X500 Pro Max户外综合体验,42277536443,864.07900,1,25,16777215,2026-09-28 20:12:23,1790597543,0,cef965bb,2210451420741424384,神了，这是锁触控频率了，这都不知道
BV1DvaV6BEXK,117348455486747,【离限户外】起飞！ProMax大乱斗！小米18Pro Max、OPPO FindX10 Pro Max、和vivo X500 Pro Max户外综合体验,离限玩家Online,2026-09-28 19:45:42,4452,73,1,【离限户外】起飞！ProMax大乱斗！小米18Pro Max、OPPO FindX10 Pro Max、和vivo X500 Pro Max户外综合体验,42277536443,124.20200,1,25,16777215,2026-09-28 20:12:16,1790597536,3,e1d03e1e,2210451365611125504,OPPO！
BV1DvaV6BEXK,117348455486747,【离限户外】起飞！ProMax大乱斗！小米18Pro Max、OPPO FindX10 Pro Max、和vivo X500 Pro Max户外综合体验,离限玩家Online,2026-09-28 19:45:42,4452,73,1,【离限户外】起飞！ProMax大乱斗！小米18Pro Max、OPPO FindX10 Pro Max、和vivo X500 Pro Max户外综合体验,42277536443,124.60600,1,25,16777215,2026-09-28 20:11:17,1790597477,3,d0f4c263,2210450866329539328,离限&亦周！
BV1DvaV6BEXK,117348455486747,【离限户外】起飞！ProMax大乱斗！小米18Pro Max、OPPO FindX10 Pro Max、和vivo X500 Pro Max户外综合体验,离限玩家Online,2026-09-28 19:45:42,4452,73,1,【离限户外】起飞！ProMax大乱斗！小米18Pro Max、OPPO FindX10 Pro Max、和vivo X500 Pro Max户外综合体验,42277536443,121.94700,1,25,16777215,2026-09-28 20:11:16,1790597476,3,573b372e,2210450855734381056,离限&亦周！
BV1DvaV6BEXK,117348455486747,【离限户外】起飞！ProMax大乱斗！小米18Pro Max、OPPO FindX10 Pro Max、和vivo X500 Pro Max户外综合体验,离限玩家Online,2026-09-28 19:45:42,4452,73,1,【离限户外】起飞！ProMax大乱斗！小米18Pro Max、OPPO FindX10 Pro Max、和vivo X500 Pro Max户外综合体验,42277536443,121.07400,1,25,16777215,2026-09-28 20:11:14,1790597474,3,375cf,2210450843957053184,离限&亦周！
BV1DvaV6BEXK,117348455486747,【离限户外】起飞！ProMax大乱斗！小米18Pro Max、OPPO FindX10 Pro Max、和vivo X500 Pro Max户外综合体验,离限玩家Online,2026-09-28 19:45:42,4452,73,1,【离限户外】起飞！ProMax大乱斗！小米18Pro Max、OPPO FindX10 Pro Max、和vivo X500 Pro Max户外综合体验,42277536443,125.95800,1,25,16777215,2026-09-28 20:10:43,1790597443,3,b1c4e3c9,2210450585822891776,离限&亦周！
BV1DvaV6BEXK,117348455486747,【离限户外】起飞！ProMax大乱斗！小米18Pro Max、OPPO FindX10 Pro Max、和vivo X500 Pro Max户外综合体验,离限玩家Online,2026-09-28 19:45:42,4452,73,1,【离限户外】起飞！ProMax大乱斗！小米18Pro Max、OPPO FindX10 Pro Max、和vivo X500 Pro Max户外综合体验,42277536443,1298.16000,1,25,16777215,2026-09-28 20:10:18,1790597418,0,a7c7ea85,2210450372484160768,2k的问题
BV1DvaV6BEXK,117348455486747,【离限户外】起飞！ProMax大乱斗！小米18Pro Max、OPPO FindX10 Pro Max、和vivo X500 Pro Max户外综合体验,离限玩家Online,2026-09-28 19:45:42,4452,73,1,【离限户外】起飞！ProMax大乱斗！小米18Pro Max、OPPO FindX10 Pro Max、和vivo X500 Pro Max户外综合体验,42277536443,1237.32000,1,25,16777215,2026-09-28 20:09:09,1790597349,0,a7c7ea85,2210449794492263936,low米
BV1DvaV6BEXK,117348455486747,【离限户外】起飞！ProMax大乱斗！小米18Pro Max、OPPO FindX10 Pro Max、和vivo X500 Pro Max户外综合体验,离限玩家Online,2026-09-28 19:45:42,4452,73,1,【离限户外】起飞！ProMax大乱斗！小米18Pro Max、OPPO FindX10 Pro Max、和vivo X500 Pro Max户外综合体验,42277536443,359.13700,1,25,16777215,2026-09-28 20:08:55,1790597335,0,35a1ea5a,2210449676892353536,那个不是红，是设备不支持广色域，实际不红，去年80rs就一群人搁哪红红红得
BV1DvaV6BEXK,117348455486747,【离限户外】起飞！ProMax大乱斗！小米18Pro Max、OPPO FindX10 Pro Max、和vivo X500 Pro Max户外综合体验,离限玩家Online,2026-09-28 19:45:42,4452,73,1,【离限户外】起飞！ProMax大乱斗！小米18Pro Max、OPPO FindX10 Pro Max、和vivo X500 Pro Max户外综合体验,42277536443,674.46700,1,25,16777215,2026-09-28 20:08:08,1790597288,0,16ed1e6a,2210449280614479872,天玑还是打不过高通
BV1DvaV6BEXK,117348455486747,【离限户外】起飞！ProMax大乱斗！小米18Pro Max、OPPO FindX10 Pro Max、和vivo X500 Pro Max户外综合体验,离限玩家Online,2026-09-28 19:45:42,4452,73,1,【离限户外】起飞！ProMax大乱斗！小米18Pro Max、OPPO FindX10 Pro Max、和vivo X500 Pro Max户外综合体验,42277536443,121.03800,1,25,16777215,2026-09-28 20:07:53,1790597273,3,ac1bf223,2210449153794928896,离限&亦周！
BV1DvaV6BEXK,117348455486747,【离限户外】起飞！ProMax大乱斗！小米18Pro Max、OPPO FindX10 Pro Max、和vivo X500 Pro Max户外综合体验,离限玩家Online,2026-09-28 19:45:42,4452,73,1,【离限户外】起飞！ProMax大乱斗！小米18Pro Max、OPPO FindX10 Pro Max、和vivo X500 Pro Max户外综合体验,42277536443,428.92000,5,25,16646914,2026-09-28 20:06:58,1790597218,0,ab939a9e,2210448698754763008,变成红米了
BV1DvaV6BEXK,117348455486747,【离限户外】起飞！ProMax大乱斗！小米18Pro Max、OPPO FindX10 Pro Max、和vivo X500 Pro Max户外综合体验,离限玩家Online,2026-09-28 19:45:42,4452,73,1,【离限户外】起飞！ProMax大乱斗！小米18Pro Max、OPPO FindX10 Pro Max、和vivo X500 Pro Max户外综合体验,42277536443,1113.24000,1,25,16777215,2026-09-28 20:06:50,1790597210,0,a7c7ea85,2210448624759535872,low米又阉割天线了
BV1DvaV6BEXK,117348455486747,【离限户外】起飞！ProMax大乱斗！小米18Pro Max、OPPO FindX10 Pro Max、和vivo X500 Pro Max户外综合体验,离限玩家Online,2026-09-28 19:45:42,4452,73,1,【离限户外】起飞！ProMax大乱斗！小米18Pro Max、OPPO FindX10 Pro Max、和vivo X500 Pro Max户外综合体验,42277536443,510.42700,1,25,16777215,2026-09-28 20:06:06,1790597166,0,16ed1e6a,2210448257581854208,小米今年屏幕，拍照全拉完了？
BV1DvaV6BEXK,117348455486747,【离限户外】起飞！ProMax大乱斗！小米18Pro Max、OPPO FindX10 Pro Max、和vivo X500 Pro Max户外综合体验,离限玩家Online,2026-09-28 19:45:42,4452,73,1,【离限户外】起飞！ProMax大乱斗！小米18Pro Max、OPPO FindX10 Pro Max、和vivo X500 Pro Max户外综合体验,42277536443,125.21700,1,25,16777215,2026-09-28 20:05:44,1790597144,3,b8bdaa73,2210448073442777088,离限&亦周！
BV1DvaV6BEXK,117348455486747,【离限户外】起飞！ProMax大乱斗！小米18Pro Max、OPPO FindX10 Pro Max、和vivo X500 Pro Max户外综合体验,离限玩家Online,2026-09-28 19:45:42,4452,73,1,【离限户外】起飞！ProMax大乱斗！小米18Pro Max、OPPO FindX10 Pro Max、和vivo X500 Pro Max户外综合体验,42277536443,1062.84000,1,25,16777215,2026-09-28 20:05:37,1790597137,0,a7c7ea85,2210448011728342784,low米传统艺能，信号和iPhone坐一桌
BV1DvaV6BEXK,117348455486747,【离限户外】起飞！ProMax大乱斗！小米18Pro Max、OPPO FindX10 Pro Max、和vivo X500 Pro Max户外综合体验,离限玩家Online,2026-09-28 19:45:42,4452,73,1,【离限户外】起飞！ProMax大乱斗！小米18Pro Max、OPPO FindX10 Pro Max、和vivo X500 Pro Max户外综合体验,42277536443,121.30900,1,25,16777215,2026-09-28 20:05:20,1790597120,3,ce78ad4,2210447869180255744,小米！
BV1DvaV6BEXK,117348455486747,【离限户外】起飞！ProMax大乱斗！小米18Pro Max、OPPO FindX10 Pro Max、和vivo X500 Pro Max户外综合体验,离限玩家Online,2026-09-28 19:45:42,4452,73,1,【离限户外】起飞！ProMax大乱斗！小米18Pro Max、OPPO FindX10 Pro Max、和vivo X500 Pro Max户外综合体验,42277536443,1121.36200,1,25,16777215,2026-09-28 20:05:16,1790597116,0,17bc6784,2210447837488557568,偷工减料
BV1DvaV6BEXK,117348455486747,【离限户外】起飞！ProMax大乱斗！小米18Pro Max、OPPO FindX10 Pro Max、和vivo X500 Pro Max户外综合体验,离限玩家Online,2026-09-28 19:45:42,4452,73,1,【离限户外】起飞！ProMax大乱斗！小米18Pro Max、OPPO FindX10 Pro Max、和vivo X500 Pro Max户外综合体验,42277536443,122.84600,1,25,16777215,2026-09-28 20:05:16,1790597116,3,9ab7393a,2210447836657910272,离限&亦周！
BV1DvaV6BEXK,117348455486747,【离限户外】起飞！ProMax大乱斗！小米18Pro Max、OPPO FindX10 Pro Max、和vivo X500 Pro Max户外综合体验,离限玩家Online,2026-09-28 19:45:42,4452,73,1,【离限户外】起飞！ProMax大乱斗！小米18Pro Max、OPPO FindX10 Pro Max、和vivo X500 Pro Max户外综合体验,42277536443,124.57100,1,25,16777215,2026-09-28 20:05:11,1790597111,3,48afc63b,2210447800804585728,离限&亦周！
BV1DvaV6BEXK,117348455486747,【离限户外】起飞！ProMax大乱斗！小米18Pro Max、OPPO FindX10 Pro Max、和vivo X500 Pro Max户外综合体验,离限玩家Online,2026-09-28 19:45:42,4452,73,1,【离限户外】起飞！ProMax大乱斗！小米18Pro Max、OPPO FindX10 Pro Max、和vivo X500 Pro Max户外综合体验,42277536443,381.39500,1,25,16777215,2026-09-28 20:04:46,1790597086,0,16ed1e6a,2210447587013342720,今年小米真不行，最重要的屏幕看起来真的难受
BV1DvaV6BEXK,117348455486747,【离限户外】起飞！ProMax大乱斗！小米18Pro Max、OPPO FindX10 Pro Max、和vivo X500 Pro Max户外综合体验,离限玩家Online,2026-09-28 19:45:42,4452,73,1,【离限户外】起飞！ProMax大乱斗！小米18Pro Max、OPPO FindX10 Pro Max、和vivo X500 Pro Max户外综合体验,42277536443,355.42700,1,25,16777215,2026-09-28 20:04:09,1790597049,0,16ed1e6a,2210447273480739840,小米拉完了
BV1DvaV6BEXK,117348455486747,【离限户外】起飞！ProMax大乱斗！小米18Pro Max、OPPO FindX10 Pro Max、和vivo X500 Pro Max户外综合体验,离限玩家Online,2026-09-28 19:45:42,4452,73,1,【离限户外】起飞！ProMax大乱斗！小米18Pro Max、OPPO FindX10 Pro Max、和vivo X500 Pro Max户外综合体验,42277536443,742.02100,1,25,16777215,2026-09-28 20:01:03,1790596863,0,a7c7ea85,2210445717695994624,蓝厂的糖水片
BV1DvaV6BEXK,117348455486747,【离限户外】起飞！ProMax大乱斗！小米18Pro Max、OPPO FindX10 Pro Max、和vivo X500 Pro Max户外综合体验,离限玩家Online,2026-09-28 19:45:42,4452,73,1,【离限户外】起飞！ProMax大乱斗！小米18Pro Max、OPPO FindX10 Pro Max、和vivo X500 Pro Max户外综合体验,42277536443,686.85300,1,25,16777215,2026-09-28 20:00:56,1790596856,0,3fbbd9cb,2210445661148064512,嘻嘻
BV1DvaV6BEXK,117348455486747,【离限户外】起飞！ProMax大乱斗！小米18Pro Max、OPPO FindX10 Pro Max、和vivo X500 Pro Max户外综合体验,离限玩家Online,2026-09-28 19:45:42,4452,73,1,【离限户外】起飞！ProMax大乱斗！小米18Pro Max、OPPO FindX10 Pro Max、和vivo X500 Pro Max户外综合体验,42277536443,121.67000,1,25,16777215,2026-09-28 20:00:25,1790596825,3,871aec03,2210445394683734016,离限&亦周！
BV1DvaV6BEXK,117348455486747,【离限户外】起飞！ProMax大乱斗！小米18Pro Max、OPPO FindX10 Pro Max、和vivo X500 Pro Max户外综合体验,离限玩家Online,2026-09-28 19:45:42,4452,73,1,【离限户外】起飞！ProMax大乱斗！小米18Pro Max、OPPO FindX10 Pro Max、和vivo X500 Pro Max户外综合体验,42277536443,2722.26600,1,25,16777215,2026-09-28 20:00:21,1790596821,0,9f25d963,2210445368217481728,VIVO曝光有点太多了
BV1DvaV6BEXK,117348455486747,【离限户外】起飞！ProMax大乱斗！小米18Pro Max、OPPO FindX10 Pro Max、和vivo X500 Pro Max户外综合体验,离限玩家Online,2026-09-28 19:45:42,4452,73,1,【离限户外】起飞！ProMax大乱斗！小米18Pro Max、OPPO FindX10 Pro Max、和vivo X500 Pro Max户外综合体验,42277536443,854.60900,1,25,16707842,2026-09-28 20:00:12,1790596812,0,a52eccf0,2210445291562979584,天玑就这鸟样
BV1DvaV6BEXK,117348455486747,【离限户外】起飞！ProMax大乱斗！小米18Pro Max、OPPO FindX10 Pro Max、和vivo X500 Pro Max户外综合体验,离限玩家Online,2026-09-28 19:45:42,4452,73,1,【离限户外】起飞！ProMax大乱斗！小米18Pro Max、OPPO FindX10 Pro Max、和vivo X500 Pro Max户外综合体验,42277536443,122.44600,1,25,16777215,2026-09-28 19:59:59,1790596799,3,79728e8,2210445178047569408,小米！
BV1DvaV6BEXK,117348455486747,【离限户外】起飞！ProMax大乱斗！小米18Pro Max、OPPO FindX10 Pro Max、和vivo X500 Pro Max户外综合体验,离限玩家Online,2026-09-28 19:45:42,4452,73,1,【离限户外】起飞！ProMax大乱斗！小米18Pro Max、OPPO FindX10 Pro Max、和vivo X500 Pro Max户外综合体验,42277536443,123.64900,1,25,16777215,2026-09-28 19:59:37,1790596777,3,47b9ba68,2210444999613700096,OPPO！
BV1DvaV6BEXK,117348455486747,【离限户外】起飞！ProMax大乱斗！小米18Pro Max、OPPO FindX10 Pro Max、和vivo X500 Pro Max户外综合体验,离限玩家Online,2026-09-28 19:45:42,4452,73,1,【离限户外】起飞！ProMax大乱斗！小米18Pro Max、OPPO FindX10 Pro Max、和vivo X500 Pro Max户外综合体验,42277536443,124.06200,1,25,16777215,2026-09-28 19:58:56,1790596736,3,e6c490ab,2210444655596745984,离限&亦周！
BV1DvaV6BEXK,117348455486747,【离限户外】起飞！ProMax大乱斗！小米18Pro Max、OPPO FindX10 Pro Max、和vivo X500 Pro Max户外综合体验,离限玩家Online,2026-09-28 19:45:42,4452,73,1,【离限户外】起飞！ProMax大乱斗！小米18Pro Max、OPPO FindX10 Pro Max、和vivo X500 Pro Max户外综合体验,42277536443,355.34900,1,25,16777215,2026-09-28 19:58:52,1790596732,0,2271b7c,2210444615096844544,天马好红啊
BV1DvaV6BEXK,117348455486747,【离限户外】起飞！ProMax大乱斗！小米18Pro Max、OPPO FindX10 Pro Max、和vivo X500 Pro Max户外综合体验,离限玩家Online,2026-09-28 19:45:42,4452,73,1,【离限户外】起飞！ProMax大乱斗！小米18Pro Max、OPPO FindX10 Pro Max、和vivo X500 Pro Max户外综合体验,42277536443,387.71500,1,25,16777215,2026-09-28 19:58:47,1790596727,0,ee82b890,2210444573288018944,左边是vivo吗 那么红
BV1DvaV6BEXK,117348455486747,【离限户外】起飞！ProMax大乱斗！小米18Pro Max、OPPO FindX10 Pro Max、和vivo X500 Pro Max户外综合体验,离限玩家Online,2026-09-28 19:45:42,4452,73,1,【离限户外】起飞！ProMax大乱斗！小米18Pro Max、OPPO FindX10 Pro Max、和vivo X500 Pro Max户外综合体验,42277536443,18.34100,1,25,16777215,2026-09-28 19:58:43,1790596723,0,2cb23147,2210444545127883776,3w块
BV1DvaV6BEXK,117348455486747,【离限户外】起飞！ProMax大乱斗！小米18Pro Max、OPPO FindX10 Pro Max、和vivo X500 Pro Max户外综合体验,离限玩家Online,2026-09-28 19:45:42,4452,73,1,【离限户外】起飞！ProMax大乱斗！小米18Pro Max、OPPO FindX10 Pro Max、和vivo X500 Pro Max户外综合体验,42277536443,97.19700,5,25,16777215,2026-09-28 19:58:29,1790596709,0,e6c490ab,2210444425800008704,然而这烂屏幕护眼只能去t3水准那一桌待着，拉完了
BV1DvaV6BEXK,117348455486747,【离限户外】起飞！ProMax大乱斗！小米18Pro Max、OPPO FindX10 Pro Max、和vivo X500 Pro Max户外综合体验,离限玩家Online,2026-09-28 19:45:42,4452,73,1,【离限户外】起飞！ProMax大乱斗！小米18Pro Max、OPPO FindX10 Pro Max、和vivo X500 Pro Max户外综合体验,42277536443,120.45900,1,25,16777215,2026-09-28 19:58:01,1790596681,3,84180c36,2210444189828023552,OPPO！
BV1DvaV6BEXK,117348455486747,【离限户外】起飞！ProMax大乱斗！小米18Pro Max、OPPO FindX10 Pro Max、和vivo X500 Pro Max户外综合体验,离限玩家Online,2026-09-28 19:45:42,4452,73,1,【离限户外】起飞！ProMax大乱斗！小米18Pro Max、OPPO FindX10 Pro Max、和vivo X500 Pro Max户外综合体验,42277536443,2580.14600,1,25,16777215,2026-09-28 19:57:40,1790596660,0,9f25d963,2210444014338320640,小米这什么鬼？拍鬼片吗
BV1DvaV6BEXK,117348455486747,【离限户外】起飞！ProMax大乱斗！小米18Pro Max、OPPO FindX10 Pro Max、和vivo X500 Pro Max户外综合体验,离限玩家Online,2026-09-28 19:45:42,4452,73,1,【离限户外】起飞！ProMax大乱斗！小米18Pro Max、OPPO FindX10 Pro Max、和vivo X500 Pro Max户外综合体验,42277536443,97.13700,1,25,16777215,2026-09-28 19:57:23,1790596643,0,84180c36,2210443867562588160,oppo:？？？
BV1DvaV6BEXK,117348455486747,【离限户外】起飞！ProMax大乱斗！小米18Pro Max、OPPO FindX10 Pro Max、和vivo X500 Pro Max户外综合体验,离限玩家Online,2026-09-28 19:45:42,4452,73,1,【离限户外】起飞！ProMax大乱斗！小米18Pro Max、OPPO FindX10 Pro Max、和vivo X500 Pro Max户外综合体验,42277536443,1096.07100,1,25,16777215,2026-09-28 19:56:24,1790596584,0,d589b174,2210443379698491648,笑了
BV1DvaV6BEXK,117348455486747,【离限户外】起飞！ProMax大乱斗！小米18Pro Max、OPPO FindX10 Pro Max、和vivo X500 Pro Max户外综合体验,离限玩家Online,2026-09-28 19:45:42,4452,73,1,【离限户外】起飞！ProMax大乱斗！小米18Pro Max、OPPO FindX10 Pro Max、和vivo X500 Pro Max户外综合体验,42277536443,182.59300,1,25,16777215,2026-09-28 19:56:03,1790596563,0,319ebec1,2210443203646919680,oppo永远短板就是扬声器
BV1DvaV6BEXK,117348455486747,【离限户外】起飞！ProMax大乱斗！小米18Pro Max、OPPO FindX10 Pro Max、和vivo X500 Pro Max户外综合体验,离限玩家Online,2026-09-28 19:45:42,4452,73,1,【离限户外】起飞！ProMax大乱斗！小米18Pro Max、OPPO FindX10 Pro Max、和vivo X500 Pro Max户外综合体验,42277536443,101.09700,1,25,16777215,2026-09-28 19:55:56,1790596556,0,58f97a66,2210443144222028800,完啦！！！！
BV1DvaV6BEXK,117348455486747,【离限户外】起飞！ProMax大乱斗！小米18Pro Max、OPPO FindX10 Pro Max、和vivo X500 Pro Max户外综合体验,离限玩家Online,2026-09-28 19:45:42,4452,73,1,【离限户外】起飞！ProMax大乱斗！小米18Pro Max、OPPO FindX10 Pro Max、和vivo X500 Pro Max户外综合体验,42277536443,17.81300,1,25,16777215,2026-09-28 19:54:21,1790596461,0,58f97a66,2210442341666805760,哈哈哈哈哈哈哈
BV1DvaV6BEXK,117348455486747,【离限户外】起飞！ProMax大乱斗！小米18Pro Max、OPPO FindX10 Pro Max、和vivo X500 Pro Max户外综合体验,离限玩家Online,2026-09-28 19:45:42,4452,73,1,【离限户外】起飞！ProMax大乱斗！小米18Pro Max、OPPO FindX10 Pro Max、和vivo X500 Pro Max户外综合体验,42277536443,9.28200,1,25,16777215,2026-09-28 19:54:07,1790596447,0,58f97a66,2210442224486565376,太富了哥！
BV1DvaV6BEXK,117348455486747,【离限户外】起飞！ProMax大乱斗！小米18Pro Max、OPPO FindX10 Pro Max、和vivo X500 Pro Max户外综合体验,离限玩家Online,2026-09-28 19:45:42,4452,73,1,【离限户外】起飞！ProMax大乱斗！小米18Pro Max、OPPO FindX10 Pro Max、和vivo X500 Pro Max户外综合体验,42277536443,2441.86500,1,25,16777215,2026-09-28 19:53:28,1790596408,0,cb674380,2210441897196335872,骁龙还是骁龙
BV1DvaV6BEXK,117348455486747,【离限户外】起飞！ProMax大乱斗！小米18Pro Max、OPPO FindX10 Pro Max、和vivo X500 Pro Max户外综合体验,离限玩家Online,2026-09-28 19:45:42,4452,73,1,【离限户外】起飞！ProMax大乱斗！小米18Pro Max、OPPO FindX10 Pro Max、和vivo X500 Pro Max户外综合体验,42277536443,0.00000,1,25,16777215,2026-09-28 19:53:20,1790596400,0,47b9ba68,2210441829399913984,讚 真快
BV1DvaV6BEXK,117348455486747,【离限户外】起飞！ProMax大乱斗！小米18Pro Max、OPPO FindX10 Pro Max、和vivo X500 Pro Max户外综合体验,离限玩家Online,2026-09-28 19:45:42,4452,73,1,【离限户外】起飞！ProMax大乱斗！小米18Pro Max、OPPO FindX10 Pro Max、和vivo X500 Pro Max户外综合体验,42277536443,87.40400,1,25,16777215,2026-09-28 19:52:49,1790596369,0,5dbc7651,2210441572658246912,OPPO充电这么慢吗
BV1DvaV6BEXK,117348455486747,【离限户外】起飞！ProMax大乱斗！小米18Pro Max、OPPO FindX10 Pro Max、和vivo X500 Pro Max户外综合体验,离限玩家Online,2026-09-28 19:45:42,4452,73,1,【离限户外】起飞！ProMax大乱斗！小米18Pro Max、OPPO FindX10 Pro Max、和vivo X500 Pro Max户外综合体验,42277536443,164.04900,1,25,16777215,2026-09-28 19:52:23,1790596343,0,43744a7d,2210441354134702848,王德发
BV1DvaV6BEXK,117348455486747,【离限户外】起飞！ProMax大乱斗！小米18Pro Max、OPPO FindX10 Pro Max、和vivo X500 Pro Max户外综合体验,离限玩家Online,2026-09-28 19:45:42,4452,73,1,【离限户外】起飞！ProMax大乱斗！小米18Pro Max、OPPO FindX10 Pro Max、和vivo X500 Pro Max户外综合体验,42277536443,2316.85900,1,25,15138834,2026-09-28 19:51:11,1790596271,0,7607edce,2210440747554286592,oppo充电这么慢
BV1DvaV6BEXK,117348455486747,【离限户外】起飞！ProMax大乱斗！小米18Pro Max、OPPO FindX10 Pro Max、和vivo X500 Pro Max户外综合体验,离限玩家Online,2026-09-28 19:45:42,4452,73,1,【离限户外】起飞！ProMax大乱斗！小米18Pro Max、OPPO FindX10 Pro Max、和vivo X500 Pro Max户外综合体验,42277536443,2113.55300,1,25,16777215,2026-09-28 19:49:40,1790596180,0,9f25d963,2210439985600283904,小米拉完了
BV1DvaV6BEXK,117348455486747,【离限户外】起飞！ProMax大乱斗！小米18Pro Max、OPPO FindX10 Pro Max、和vivo X500 Pro Max户外综合体验,离限玩家Online,2026-09-28 19:45:42,4452,73,1,【离限户外】起飞！ProMax大乱斗！小米18Pro Max、OPPO FindX10 Pro Max、和vivo X500 Pro Max户外综合体验,42277536443,44.83600,1,25,16777215,2026-09-28 19:49:25,1790596165,0,5262f78c,2210439859133505024,这小米感觉没有啥质感，跟我19年的千元机似的
BV1DvaV6BEXK,117348455486747,【离限户外】起飞！ProMax大乱斗！小米18Pro Max、OPPO FindX10 Pro Max、和vivo X500 Pro Max户外综合体验,离限玩家Online,2026-09-28 19:45:42,4452,73,1,【离限户外】起飞！ProMax大乱斗！小米18Pro Max、OPPO FindX10 Pro Max、和vivo X500 Pro Max户外综合体验,42277536443,3.47200,1,25,16777215,2026-09-28 19:47:49,1790596069,0,ed4e9c55,2210439056545617664,先点赞后观看
BV1Rd4y197Wf,387563032,理想L9使用指南AD Max智能驾驶系统,理想汽车,2022-09-01 11:00:07,10459,5,1,理想L9使用指南AD Max智能驾驶系统,820685753,157.99700,1,25,16777215,2023-01-18 16:52:13,1674031933,0,701949e,1232628212866474752,这种渲染动画有教程吗?
BV1Rd4y197Wf,387563032,理想L9使用指南AD Max智能驾驶系统,理想汽车,2022-09-01 11:00:07,10459,5,1,理想L9使用指南AD Max智能驾驶系统,820685753,31.26700,1,25,16777215,2022-09-26 14:29:41,1664173781,0,ef057c8,1149932040712546816,需要学习才能使用该功能吗
BV1naaG6QEdh,117347331414129,MiniMax H3全新HyperVae 2x，更多高频细节，全新Pov男友第一视角特化Lora模型，合规使用,T8star-Aix,2026-09-28 14:56:59,6433,83,1,9月28日-2,42273800532,162.59400,1,25,16777215,2026-09-28 16:52:51,1790585571,0,a03d0b5d,2210359983437446144,这段像亡妻回忆录
BV1naaG6QEdh,117347331414129,MiniMax H3全新HyperVae 2x，更多高频细节，全新Pov男友第一视角特化Lora模型，合规使用,T8star-Aix,2026-09-28 14:56:59,6433,83,1,9月28日-2,42273800532,286.92100,1,25,16777215,2026-09-28 16:43:00,1790584980,0,e9f191a6,2210359981675838464,太快了，完全没办法看清，失去意义了
BV1naaG6QEdh,117347331414129,MiniMax H3全新HyperVae 2x，更多高频细节，全新Pov男友第一视角特化Lora模型，合规使用,T8star-Aix,2026-09-28 14:56:59,6433,83,1,9月28日-2,42273800532,182.42500,1,25,16777215,2026-09-28 20:22:05,1790598125,0,7304f78a,2210456302575669248,未亡人
BV1naaG6QEdh,117347331414129,MiniMax H3全新HyperVae 2x，更多高频细节，全新Pov男友第一视角特化Lora模型，合规使用,T8star-Aix,2026-09-28 14:56:59,6433,83,1,9月28日-2,42273800532,23.29100,1,25,16777215,2026-09-28 20:15:40,1790597740,3,7288c1e8,2210453074068371712,摸鱼！
BV1naaG6QEdh,117347331414129,MiniMax H3全新HyperVae 2x，更多高频细节，全新Pov男友第一视角特化Lora模型，合规使用,T8star-Aix,2026-09-28 14:56:59,6433,83,1,9月28日-2,42273800532,292.66500,1,25,16777215,2026-09-28 20:13:01,1790597581,0,54ddf2ae,2210451738543807488,前面的，有个按钮叫暂停
BV1naaG6QEdh,117347331414129,MiniMax H3全新HyperVae 2x，更多高频细节，全新Pov男友第一视角特化Lora模型，合规使用,T8star-Aix,2026-09-28 14:56:59,6433,83,1,9月28日-2,42273800532,282.38400,1,25,16777215,2026-09-28 20:09:28,1790597368,0,a550ba92,2210449956476153088,有个毛区别？
BV1naaG6QEdh,117347331414129,MiniMax H3全新HyperVae 2x，更多高频细节，全新Pov男友第一视角特化Lora模型，合规使用,T8star-Aix,2026-09-28 14:56:59,6433,83,1,9月28日-2,42273800532,21.20600,1,25,16777215,2026-09-28 20:09:00,1790597340,3,9002fab9,2210449719732652800,摸鱼！
BV1naaG6QEdh,117347331414129,MiniMax H3全新HyperVae 2x，更多高频细节，全新Pov男友第一视角特化Lora模型，合规使用,T8star-Aix,2026-09-28 14:56:59,6433,83,1,9月28日-2,42273800532,247.47600,1,25,16777215,2026-09-28 20:08:32,1790597312,0,a550ba92,2210449483182696448,为啥我没看出什么区别
BV1naaG6QEdh,117347331414129,MiniMax H3全新HyperVae 2x，更多高频细节，全新Pov男友第一视角特化Lora模型，合规使用,T8star-Aix,2026-09-28 14:56:59,6433,83,1,9月28日-2,42273800532,18.87000,1,25,16777215,2026-09-28 20:07:44,1790597264,3,100df8a8,2210449080898099456,摸鱼！
BV1naaG6QEdh,117347331414129,MiniMax H3全新HyperVae 2x，更多高频细节，全新Pov男友第一视角特化Lora模型，合规使用,T8star-Aix,2026-09-28 14:56:59,6433,83,1,9月28日-2,42273800532,19.76600,1,25,16777215,2026-09-28 20:05:57,1790597157,3,18291960,2210448180766980864,摸鱼！
BV1naaG6QEdh,117347331414129,MiniMax H3全新HyperVae 2x，更多高频细节，全新Pov男友第一视角特化Lora模型，合规使用,T8star-Aix,2026-09-28 14:56:59,6433,83,1,9月28日-2,42273800532,18.29900,1,25,16777215,2026-09-28 20:05:17,1790597117,3,ee7f6ae8,2210447846992318464,摸鱼！
BV1naaG6QEdh,117347331414129,MiniMax H3全新HyperVae 2x，更多高频细节，全新Pov男友第一视角特化Lora模型，合规使用,T8star-Aix,2026-09-28 14:56:59,6433,83,1,9月28日-2,42273800532,19.80400,1,25,16777215,2026-09-28 20:02:50,1790596970,3,bb953ebf,2210446615024682752,摸鱼！
BV1naaG6QEdh,117347331414129,MiniMax H3全新HyperVae 2x，更多高频细节，全新Pov男友第一视角特化Lora模型，合规使用,T8star-Aix,2026-09-28 14:56:59,6433,83,1,9月28日-2,42273800532,616.61400,1,25,16777215,2026-09-28 19:58:12,1790596692,3,c32dd8da,2210444279527393792,5
BV1naaG6QEdh,117347331414129,MiniMax H3全新HyperVae 2x，更多高频细节，全新Pov男友第一视角特化Lora模型，合规使用,T8star-Aix,2026-09-28 14:56:59,6433,83,1,9月28日-2,42273800532,19.22400,1,25,16777215,2026-09-28 19:56:54,1790596614,3,fc4adb6f,2210443626986023168,摸鱼！
BV1naaG6QEdh,117347331414129,MiniMax H3全新HyperVae 2x，更多高频细节，全新Pov男友第一视角特化Lora模型，合规使用,T8star-Aix,2026-09-28 14:56:59,6433,83,1,9月28日-2,42273800532,22.61400,1,25,16777215,2026-09-28 19:48:00,1790596080,3,94531307,2210439148140429824,学习！
BV1naaG6QEdh,117347331414129,MiniMax H3全新HyperVae 2x，更多高频细节，全新Pov男友第一视角特化Lora模型，合规使用,T8star-Aix,2026-09-28 14:56:59,6433,83,1,9月28日-2,42273800532,20.75100,1,25,16777215,2026-09-28 19:37:51,1790595471,3,bfd838d4,2210434036777043712,摸鱼！
BV1naaG6QEdh,117347331414129,MiniMax H3全新HyperVae 2x，更多高频细节，全新Pov男友第一视角特化Lora模型，合规使用,T8star-Aix,2026-09-28 14:56:59,6433,83,1,9月28日-2,42273800532,23.52000,1,25,16777215,2026-09-28 19:13:41,1790594021,3,af42a5e5,2210421879502974464,学习！
BV1naaG6QEdh,117347331414129,MiniMax H3全新HyperVae 2x，更多高频细节，全新Pov男友第一视角特化Lora模型，合规使用,T8star-Aix,2026-09-28 14:56:59,6433,83,1,9月28日-2,42273800532,17.56600,1,25,16777215,2026-09-28 18:58:43,1790593123,3,2608fd22,2210414340392560128,摸鱼！
BV1naaG6QEdh,117347331414129,MiniMax H3全新HyperVae 2x，更多高频细节，全新Pov男友第一视角特化Lora模型，合规使用,T8star-Aix,2026-09-28 14:56:59,6433,83,1,9月28日-2,42273800532,306.37700,1,25,16777215,2026-09-28 18:44:23,1790592263,0,7ccd957d,2210407127347531776,酷归酷，但是读着费劲
BV1naaG6QEdh,117347331414129,MiniMax H3全新HyperVae 2x，更多高频细节，全新Pov男友第一视角特化Lora模型，合规使用,T8star-Aix,2026-09-28 14:56:59,6433,83,1,9月28日-2,42273800532,17.35200,1,25,16777215,2026-09-28 18:31:22,1790591482,3,4a25e416,2210400578922924032,学习！
BV1naaG6QEdh,117347331414129,MiniMax H3全新HyperVae 2x，更多高频细节，全新Pov男友第一视角特化Lora模型，合规使用,T8star-Aix,2026-09-28 14:56:59,6433,83,1,9月28日-2,42273800532,18.97900,1,25,16777215,2026-09-28 18:00:04,1790589604,3,edeae868,2210384827860102912,摸鱼！
BV1naaG6QEdh,117347331414129,MiniMax H3全新HyperVae 2x，更多高频细节，全新Pov男友第一视角特化Lora模型，合规使用,T8star-Aix,2026-09-28 14:56:59,6433,83,1,9月28日-2,42273800532,21.10000,1,25,16777215,2026-09-28 17:43:42,1790588622,3,133ae27c,2210376584903420416,看贞贞
BV1naaG6QEdh,117347331414129,MiniMax H3全新HyperVae 2x，更多高频细节，全新Pov男友第一视角特化Lora模型，合规使用,T8star-Aix,2026-09-28 14:56:59,6433,83,1,9月28日-2,42273800532,19.88600,1,25,16777215,2026-09-28 17:26:33,1790587593,3,c902a219,2210367953503991040,学习！
BV1naaG6QEdh,117347331414129,MiniMax H3全新HyperVae 2x，更多高频细节，全新Pov男友第一视角特化Lora模型，合规使用,T8star-Aix,2026-09-28 14:56:59,6433,83,1,9月28日-2,42273800532,17.25200,1,25,16777215,2026-09-28 17:19:44,1790587184,3,9278fdfd,2210364525994059520,摸鱼！
BV1naaG6QEdh,117347331414129,MiniMax H3全新HyperVae 2x，更多高频细节，全新Pov男友第一视角特化Lora模型，合规使用,T8star-Aix,2026-09-28 14:56:59,6433,83,1,9月28日-2,42273800532,129.71200,1,25,16777215,2026-09-28 16:51:55,1790585515,0,a03d0b5d,2210359984611851264,可以忽悠爸妈打钱了
BV1naaG6QEdh,117347331414129,MiniMax H3全新HyperVae 2x，更多高频细节，全新Pov男友第一视角特化Lora模型，合规使用,T8star-Aix,2026-09-28 14:56:59,6433,83,1,9月28日-2,42273800532,20.84800,1,25,16777215,2026-09-28 17:08:32,1790586512,3,517951f4,2210359984024648704,看贞贞
BV1naaG6QEdh,117347331414129,MiniMax H3全新HyperVae 2x，更多高频细节，全新Pov男友第一视角特化Lora模型，合规使用,T8star-Aix,2026-09-28 14:56:59,6433,83,1,9月28日-2,42273800532,23.35100,1,25,16777215,2026-09-28 16:34:31,1790584471,3,6aa220ae,2210359982850243584,摸鱼！
BV1naaG6QEdh,117347331414129,MiniMax H3全新HyperVae 2x，更多高频细节，全新Pov男友第一视角特化Lora模型，合规使用,T8star-Aix,2026-09-28 14:56:59,6433,83,1,9月28日-2,42273800532,21.86500,1,25,16777215,2026-09-28 16:47:12,1790585232,3,d83f94b7,2210359982263041024,摸鱼！
BV1naaG6QEdh,117347331414129,MiniMax H3全新HyperVae 2x，更多高频细节，全新Pov男友第一视角特化Lora模型，合规使用,T8star-Aix,2026-09-28 14:56:59,6433,83,1,9月28日-2,42273800532,21.35600,1,25,16777215,2026-09-28 16:14:07,1790583247,3,80e4d2b,2210359981088635904,学习！
BV1naaG6QEdh,117347331414129,MiniMax H3全新HyperVae 2x，更多高频细节，全新Pov男友第一视角特化Lora模型，合规使用,T8star-Aix,2026-09-28 14:56:59,6433,83,1,9月28日-2,42273800532,300.22400,1,25,16777215,2026-09-28 15:57:02,1790582222,0,6749faec,2210359978731437056,好酷的快闪视频
BV1naaG6QEdh,117347331414129,MiniMax H3全新HyperVae 2x，更多高频细节，全新Pov男友第一视角特化Lora模型，合规使用,T8star-Aix,2026-09-28 14:56:59,6433,83,1,9月28日-2,42273800532,442.81500,1,25,16777215,2026-09-28 15:51:08,1790581868,0,b71cecee,2210359977557031936,吊票
BV1naaG6QEdh,117347331414129,MiniMax H3全新HyperVae 2x，更多高频细节，全新Pov男友第一视角特化Lora模型，合规使用,T8star-Aix,2026-09-28 14:56:59,6433,83,1,9月28日-2,42273800532,616.00000,1,25,16777215,2026-09-28 15:43:37,1790581417,3,d6898e99,2210359976130968576,5
BV1naaG6QEdh,117347331414129,MiniMax H3全新HyperVae 2x，更多高频细节，全新Pov男友第一视角特化Lora模型，合规使用,T8star-Aix,2026-09-28 14:56:59,6433,83,1,9月28日-2,42273800532,168.51600,1,25,16777215,2026-09-28 15:13:14,1790579594,0,30e78b33,2210359975417936896,寄生兽了
BV1naaG6QEdh,117347331414129,MiniMax H3全新HyperVae 2x，更多高频细节，全新Pov男友第一视角特化Lora模型，合规使用,T8star-Aix,2026-09-28 14:56:59,6433,83,1,9月28日-2,42273800532,613.00100,1,25,16777215,2026-09-28 15:17:53,1790579873,3,f1f71c7b,2210359975401159680,5
BV1naaG6QEdh,117347331414129,MiniMax H3全新HyperVae 2x，更多高频细节，全新Pov男友第一视角特化Lora模型，合规使用,T8star-Aix,2026-09-28 14:56:59,6433,83,1,9月28日-2,42273800532,433.70500,1,25,16777215,2026-09-28 15:20:34,1790580034,0,30e78b33,2210359975208221697,姚明视角
BV1naaG6QEdh,117347331414129,MiniMax H3全新HyperVae 2x，更多高频细节，全新Pov男友第一视角特化Lora模型，合规使用,T8star-Aix,2026-09-28 14:56:59,6433,83,1,9月28日-2,42273800532,107.62500,1,25,16777215,2026-09-28 15:06:28,1790579188,0,e25e59d5,2210359975199833090,我啥也没听清，啥也不知道，别问我
BV1naaG6QEdh,117347331414129,MiniMax H3全新HyperVae 2x，更多高频细节，全新Pov男友第一视角特化Lora模型，合规使用,T8star-Aix,2026-09-28 14:56:59,6433,83,1,9月28日-2,42273800532,165.38200,1,25,16777215,2026-09-28 15:03:40,1790579020,0,e48f35f2,2210359975199833088,哈哈哈 ，手长出来一大截，吓我一跳
BV13Laq6BEWV,117346794739100,【F1】新工程师上岗培训 教官泡泡鱼 阿塞拜疆TR Max维斯塔潘cut,R粉,2026-09-28 12:37:41,2480,8,1,【F1】新工程师上岗培训 教官泡泡鱼 阿塞拜疆TR Max维斯塔潘cut,42266199556,23.94900,1,25,16777215,2026-09-28 19:29:11,1790594951,0,fe152ce8,2210429673828156160,赛博坦星人对话
BV13Laq6BEWV,117346794739100,【F1】新工程师上岗培训 教官泡泡鱼 阿塞拜疆TR Max维斯塔潘cut,R粉,2026-09-28 12:37:41,2480,8,1,【F1】新工程师上岗培训 教官泡泡鱼 阿塞拜疆TR Max维斯塔潘cut,42266199556,24.26300,1,25,16777215,2026-09-28 15:21:45,1790580105,0,8190c49d,2210305140194295040,我去，你们这俩口音也太像了
BV13Laq6BEWV,117346794739100,【F1】新工程师上岗培训 教官泡泡鱼 阿塞拜疆TR Max维斯塔潘cut,R粉,2026-09-28 12:37:41,2480,8,1,【F1】新工程师上岗培训 教官泡泡鱼 阿塞拜疆TR Max维斯塔潘cut,42266199556,144.25200,5,18,16707842,2026-09-28 14:30:15,1790577015,0,6e178e3c,2210279222323361536,这俩以后tr 互相听得清不
BV13Laq6BEWV,117346794739100,【F1】新工程师上岗培训 教官泡泡鱼 阿塞拜疆TR Max维斯塔潘cut,R粉,2026-09-28 12:37:41,2480,8,1,【F1】新工程师上岗培训 教官泡泡鱼 阿塞拜疆TR Max维斯塔潘cut,42266199556,36.85200,1,25,16777215,2026-09-28 19:03:59,1790593439,0,2bf9e39,2210416995856534784,赛博坦老乡
BV13Laq6BEWV,117346794739100,【F1】新工程师上岗培训 教官泡泡鱼 阿塞拜疆TR Max维斯塔潘cut,R粉,2026-09-28 12:37:41,2480,8,1,【F1】新工程师上岗培训 教官泡泡鱼 阿塞拜疆TR Max维斯塔潘cut,42266199556,228.34800,4,25,16777215,2026-09-28 17:23:58,1790587438,0,322c9423,2210366656667547136,这里max说的是调整好再模拟起跑，忘记改了
BV13Laq6BEWV,117346794739100,【F1】新工程师上岗培训 教官泡泡鱼 阿塞拜疆TR Max维斯塔潘cut,R粉,2026-09-28 12:37:41,2480,8,1,【F1】新工程师上岗培训 教官泡泡鱼 阿塞拜疆TR Max维斯塔潘cut,42266199556,20.57300,1,25,16777215,2026-09-28 14:52:59,1790578379,0,8fd2d99c,2210290657824829440,？你也是电音？
BV1J6gNzoEsW,114867876989440,理想AD Max 7.5实测！对比老版提升了多少？,电动知士,2025-07-17 20:00:00,10374,73,1,理想AD Max 7.5实测！对比老版提升了多少？,31100700186,111.30900,1,25,16777215,2025-07-17 21:28:50,1752758930,0,6bdbe153,1893038130547024640,这里有前车带，应该复测
BV1J6gNzoEsW,114867876989440,理想AD Max 7.5实测！对比老版提升了多少？,电动知士,2025-07-17 20:00:00,10374,73,1,理想AD Max 7.5实测！对比老版提升了多少？,31100700186,348.49000,1,25,16777215,2025-07-18 18:14:17,1752833657,0,34e79fd6,1893664986183167744,理想似乎是做不到华为那种各种数据融合
BV1J6gNzoEsW,114867876989440,理想AD Max 7.5实测！对比老版提升了多少？,电动知士,2025-07-17 20:00:00,10374,73,1,理想AD Max 7.5实测！对比老版提升了多少？,31100700186,433.77800,1,25,16777215,2025-07-18 02:52:35,1752778355,0,ba658ebc,1893201079752504576,专业词：过拟合
BV1J6gNzoEsW,114867876989440,理想AD Max 7.5实测！对比老版提升了多少？,电动知士,2025-07-17 20:00:00,10374,73,1,理想AD Max 7.5实测！对比老版提升了多少？,31100700186,341.61900,1,25,16777215,2025-07-17 22:58:53,1752764333,0,cdc35611,1893083454246767360,理想一直都是这样，我用着贼害怕，看来还是没改
BV1J6gNzoEsW,114867876989440,理想AD Max 7.5实测！对比老版提升了多少？,电动知士,2025-07-17 20:00:00,10374,73,1,理想AD Max 7.5实测！对比老版提升了多少？,31100700186,102.19500,1,25,16777215,2025-08-01 12:37:10,1754023030,0,904f7b5b,1903642171102631680,我擦 我自己开一直是走的辅路 我以为那边才是正道。。。。
BV1J6gNzoEsW,114867876989440,理想AD Max 7.5实测！对比老版提升了多少？,电动知士,2025-07-17 20:00:00,10374,73,1,理想AD Max 7.5实测！对比老版提升了多少？,31100700186,473.73000,1,25,16777215,2025-07-23 19:09:57,1753268997,0,28de8114,1897316880172417024,华为在这方面已经领先一个大版本了
BV1J6gNzoEsW,114867876989440,理想AD Max 7.5实测！对比老版提升了多少？,电动知士,2025-07-17 20:00:00,10374,73,1,理想AD Max 7.5实测！对比老版提升了多少？,31100700186,462.82500,1,25,16777215,2025-07-22 19:04:46,1753182286,0,c762f33b,1896589495424779264,差不多，对齐是有副作用的
BV1J6gNzoEsW,114867876989440,理想AD Max 7.5实测！对比老版提升了多少？,电动知士,2025-07-17 20:00:00,10374,73,1,理想AD Max 7.5实测！对比老版提升了多少？,31100700186,459.15600,1,25,16777215,2025-07-22 18:47:49,1753181269,0,8a16540a,1896580968203553024,这不就和华为的规控一样了吗
BV1J6gNzoEsW,114867876989440,理想AD Max 7.5实测！对比老版提升了多少？,电动知士,2025-07-17 20:00:00,10374,73,1,理想AD Max 7.5实测！对比老版提升了多少？,31100700186,116.86200,1,25,16777215,2025-07-22 17:11:45,1753175505,0,83490bfb,1896532613733236736,是我开八成也要开错
BV1J6gNzoEsW,114867876989440,理想AD Max 7.5实测！对比老版提升了多少？,电动知士,2025-07-17 20:00:00,10374,73,1,理想AD Max 7.5实测！对比老版提升了多少？,31100700186,415.08400,1,25,16777215,2025-07-22 08:43:27,1753145007,0,cc6345dc,1896276780919414528,我也没看到
BV1J6gNzoEsW,114867876989440,理想AD Max 7.5实测！对比老版提升了多少？,电动知士,2025-07-17 20:00:00,10374,73,1,理想AD Max 7.5实测！对比老版提升了多少？,31100700186,122.18900,1,25,16777215,2025-07-22 00:01:39,1753113699,0,b471d525,1896014146630860032,你在这掉头我以为你是易车的
BV1J6gNzoEsW,114867876989440,理想AD Max 7.5实测！对比老版提升了多少？,电动知士,2025-07-17 20:00:00,10374,73,1,理想AD Max 7.5实测！对比老版提升了多少？,31100700186,104.78100,1,25,16777215,2025-07-20 13:55:11,1752990911,0,548be094,1894984131138881792,这道路规划的水平真的高。。。。。
BV1J6gNzoEsW,114867876989440,理想AD Max 7.5实测！对比老版提升了多少？,电动知士,2025-07-17 20:00:00,10374,73,1,理想AD Max 7.5实测！对比老版提升了多少？,31100700186,65.41900,1,25,16777215,2025-07-19 19:35:33,1752924933,0,b7f836a8,1894430662879583744,一天到晚测内测特调版，有意思吗
BV1J6gNzoEsW,114867876989440,理想AD Max 7.5实测！对比老版提升了多少？,电动知士,2025-07-17 20:00:00,10374,73,1,理想AD Max 7.5实测！对比老版提升了多少？,31100700186,249.57800,1,25,16777215,2025-07-19 11:17:12,1752895032,0,e015ea72,1894179831940840960,这不怪他，国内司机数据训练出来的就是这么开，有几个有路权意识的？
BV1J6gNzoEsW,114867876989440,理想AD Max 7.5实测！对比老版提升了多少？,电动知士,2025-07-17 20:00:00,10374,73,1,理想AD Max 7.5实测！对比老版提升了多少？,31100700186,54.36300,1,25,16777215,2025-07-19 09:43:48,1752889428,0,50437fe3,1894132823154765568,啥时候符文战士了
BV1J6gNzoEsW,114867876989440,理想AD Max 7.5实测！对比老版提升了多少？,电动知士,2025-07-17 20:00:00,10374,73,1,理想AD Max 7.5实测！对比老版提升了多少？,31100700186,17.91300,1,25,16777215,2025-07-18 22:31:58,1752849118,0,45375d52,1893794683416220416,推了吗？我还没收到呢
BV1J6gNzoEsW,114867876989440,理想AD Max 7.5实测！对比老版提升了多少？,电动知士,2025-07-17 20:00:00,10374,73,1,理想AD Max 7.5实测！对比老版提升了多少？,31100700186,350.21600,1,25,16777215,2025-07-18 11:27:50,1752809270,0,b9abbf95,1893460408216790784,车多就难了
BV1J6gNzoEsW,114867876989440,理想AD Max 7.5实测！对比老版提升了多少？,电动知士,2025-07-17 20:00:00,10374,73,1,理想AD Max 7.5实测！对比老版提升了多少？,31100700186,136.62200,5,25,16777215,2025-07-18 10:12:48,1752804768,0,ef25a21,1893422649439376896,女副驾反应语速挺快啊
BV1J6gNzoEsW,114867876989440,理想AD Max 7.5实测！对比老版提升了多少？,电动知士,2025-07-17 20:00:00,10374,73,1,理想AD Max 7.5实测！对比老版提升了多少？,31100700186,34.11100,5,25,16777215,2025-07-18 10:10:47,1752804647,0,ef25a21,1893421634535099904,只是相同路线，场景不可能相同。
BV1J6gNzoEsW,114867876989440,理想AD Max 7.5实测！对比老版提升了多少？,电动知士,2025-07-17 20:00:00,10374,73,1,理想AD Max 7.5实测！对比老版提升了多少？,31100700186,378.34200,1,25,16777215,2025-07-18 08:25:23,1752798323,0,f63ccd06,1893368586068999936,理想的辅助驾驶还需努力啊
BV1J6gNzoEsW,114867876989440,理想AD Max 7.5实测！对比老版提升了多少？,电动知士,2025-07-17 20:00:00,10374,73,1,理想AD Max 7.5实测！对比老版提升了多少？,31100700186,232.53100,1,25,16777215,2025-07-17 21:49:57,1752760197,0,c86f9588,1893048757973897728,去看看fsd怎么过得吧，安全是最大的豪华
BV1J6gNzoEsW,114867876989440,理想AD Max 7.5实测！对比老版提升了多少？,电动知士,2025-07-17 20:00:00,10374,73,1,理想AD Max 7.5实测！对比老版提升了多少？,31100700186,3.43800,1,25,16777215,2025-07-17 21:48:28,1752760108,0,f20169b4,1893048009718127872,这不是理想一直在做的吗？
BV1J6gNzoEsW,114867876989440,理想AD Max 7.5实测！对比老版提升了多少？,电动知士,2025-07-17 20:00:00,10374,73,1,理想AD Max 7.5实测！对比老版提升了多少？,31100700186,1.20800,1,25,16777215,2025-07-17 21:11:19,1752757879,0,28de8114,1893029312299534848,这不是华为一直在做的吗
BV1ja4y1f7YK,663955557,大更新！理想AD MAX 5.0的LCC Plus表现如何？,电动知士,2023-11-29 09:00:00,4289,48,1,大更新！理想AD MAX 5.0的LCC Plus表现如何？,1347029216,70.31200,1,25,16777215,2023-12-07 10:09:28,1701914968,0,f1f4ae5,1466528063683759360,这模型渲染精度好差的样子
BV1ja4y1f7YK,663955557,大更新！理想AD MAX 5.0的LCC Plus表现如何？,电动知士,2023-11-29 09:00:00,4289,48,1,大更新！理想AD MAX 5.0的LCC Plus表现如何？,1347029216,131.47600,1,25,16777215,2023-12-05 22:17:17,1701785837,3,b4f3e373,1465444829688493312,5
BV1ja4y1f7YK,663955557,大更新！理想AD MAX 5.0的LCC Plus表现如何？,电动知士,2023-11-29 09:00:00,4289,48,1,大更新！理想AD MAX 5.0的LCC Plus表现如何？,1347029216,76.77700,1,25,16777215,2023-12-04 13:21:32,1701667292,0,c1a952eb,1464450403369692928,汇入大车流能力很重要
BV1ja4y1f7YK,663955557,大更新！理想AD MAX 5.0的LCC Plus表现如何？,电动知士,2023-11-29 09:00:00,4289,48,1,大更新！理想AD MAX 5.0的LCC Plus表现如何？,1347029216,89.74500,1,25,16777215,2023-12-01 06:14:05,1701382445,0,2c0dda56,1462060932640477696,等你碰到堵车就知道好用了
BV1ja4y1f7YK,663955557,大更新！理想AD MAX 5.0的LCC Plus表现如何？,电动知士,2023-11-29 09:00:00,4289,48,1,大更新！理想AD MAX 5.0的LCC Plus表现如何？,1347029216,50.05900,1,25,16777215,2023-11-30 22:33:21,1701354801,0,1e2c546b,1461829043245800448,天哪，以三十几的速度过这种匝道，会不会后面喇叭滴死的！！这太垃圾了
BV1ja4y1f7YK,663955557,大更新！理想AD MAX 5.0的LCC Plus表现如何？,电动知士,2023-11-29 09:00:00,4289,48,1,大更新！理想AD MAX 5.0的LCC Plus表现如何？,1347029216,74.94200,1,25,16777215,2023-11-29 16:10:41,1701245441,0,51a5f682,1460911659530002176,都没有什么车
BV1ja4y1f7YK,663955557,大更新！理想AD MAX 5.0的LCC Plus表现如何？,电动知士,2023-11-29 09:00:00,4289,48,1,大更新！理想AD MAX 5.0的LCC Plus表现如何？,1347029216,107.74700,1,25,16777215,2023-11-29 15:28:20,1701242900,0,8b156807,1460890346249854464,蹭上了没？
BV1ja4y1f7YK,663955557,大更新！理想AD MAX 5.0的LCC Plus表现如何？,电动知士,2023-11-29 09:00:00,4289,48,1,大更新！理想AD MAX 5.0的LCC Plus表现如何？,1347029216,92.62700,1,25,16777215,2023-11-29 15:27:32,1701242852,0,8b156807,1460889942455625728,卧槽
BV1ja4y1f7YK,663955557,大更新！理想AD MAX 5.0的LCC Plus表现如何？,电动知士,2023-11-29 09:00:00,4289,48,1,大更新！理想AD MAX 5.0的LCC Plus表现如何？,1347029216,61.03500,1,25,16777215,2023-11-29 15:26:43,1701242803,0,8b156807,1460889531346853120,这里有点牛逼
BV1ja4y1f7YK,663955557,大更新！理想AD MAX 5.0的LCC Plus表现如何？,电动知士,2023-11-29 09:00:00,4289,48,1,大更新！理想AD MAX 5.0的LCC Plus表现如何？,1347029216,123.21700,1,25,16777215,2023-11-29 11:37:08,1701229028,0,8fc11fd8,1460773981878966784,说右前角蹭到的，车感太差了
BV1ja4y1f7YK,663955557,大更新！理想AD MAX 5.0的LCC Plus表现如何？,电动知士,2023-11-29 09:00:00,4289,48,1,大更新！理想AD MAX 5.0的LCC Plus表现如何？,1347029216,89.07300,1,25,16777215,2023-11-29 11:35:59,1701228959,0,8fc11fd8,1460773403803185408,你别感觉，你用了再说
BV1ja4y1f7YK,663955557,大更新！理想AD MAX 5.0的LCC Plus表现如何？,电动知士,2023-11-29 09:00:00,4289,48,1,大更新！理想AD MAX 5.0的LCC Plus表现如何？,1347029216,79.97600,1,25,16777215,2023-11-29 10:31:14,1701225074,0,d446b431,1460740816468600320,我咋感觉比自己还累
BV1ja4y1f7YK,663955557,大更新！理想AD MAX 5.0的LCC Plus表现如何？,电动知士,2023-11-29 09:00:00,4289,48,1,大更新！理想AD MAX 5.0的LCC Plus表现如何？,1347029216,107.24900,1,25,16777215,2023-11-29 09:27:19,1701221239,0,b4340262,1460708645460436736,右前角差点蹭到
BV1ja4y1f7YK,663955557,大更新！理想AD MAX 5.0的LCC Plus表现如何？,电动知士,2023-11-29 09:00:00,4289,48,1,大更新！理想AD MAX 5.0的LCC Plus表现如何？,1347029216,14.73900,1,25,16777215,2023-11-29 09:23:49,1701221029,0,8b298917,1460706882619795200,大忽悠吧？
BV1aPah6XETh,117342197519763,小贵，但替你的18Pro/Max挡灾，6款配件！,柏阳兄,2026-09-27 17:07:14,1693,5,1,贝尔金+18PM（正片）,42261680042,117.53200,1,25,16777215,2026-09-27 20:33:13,1790512393,0,3fe123d2,2210134380616551168,广告形式太垃圾了兄弟
BV1aPah6XETh,117342197519763,小贵，但替你的18Pro/Max挡灾，6款配件！,柏阳兄,2026-09-27 17:07:14,1693,5,1,贝尔金+18PM（正片）,42261680042,78.64500,1,25,16777215,2026-09-27 22:45:00,1790520300,0,5acd2754,2210134380608162560,这个壳我记得10月8号才开售
BV1iwav66Eoc,117345771067328,刚把主力机换成OPPO Find X10 Pro Max，隔壁老谢却说现在手机的上限已经被锁死，厂商只能为更新而更新，出来的产品就是四不像。,爱看热闹的四蛋,2026-09-28 08:16:38,7436,4,1,手机迭代上限锁死，为更新而更新,42260693180,71.09300,1,25,16777215,2026-09-28 16:21:40,1790583700,0,7400ea33,2210335301334269440,那不就是苹果，换机保持一致的体验，没有新鲜感
BV1zWh16GE1N,117330067590910,【小明一分钟】开箱小米18pro max透明版和风火轮RLC F40,我找小明,2026-09-25 13:43:46,15080,135,1,【小明一分钟】开箱小米18pro max透明版和风火轮RLC F40,42184543213,249.599,1,25,16777215,2026-09-25 15:00:20,1790319620,0,f6ecaf87,2208120032062804480,懂
BV1zWh16GE1N,117330067590910,【小明一分钟】开箱小米18pro max透明版和风火轮RLC F40,我找小明,2026-09-25 13:43:46,15080,135,1,【小明一分钟】开箱小米18pro max透明版和风火轮RLC F40,42184543213,41.208,1,25,16777215,2026-09-25 15:06:58,1790320018,0,4e69ab58,2208123374067261440,先叠个甲
BV1zWh16GE1N,117330067590910,【小明一分钟】开箱小米18pro max透明版和风火轮RLC F40,我找小明,2026-09-25 13:43:46,15080,135,1,【小明一分钟】开箱小米18pro max透明版和风火轮RLC F40,42184543213,164.602,1,25,16777215,2026-09-25 15:08:59,1790320139,0,4e69ab58,2208124390917491456,甚至这个盒可以拿当摆设
BV1zWh16GE1N,117330067590910,【小明一分钟】开箱小米18pro max透明版和风火轮RLC F40,我找小明,2026-09-25 13:43:46,15080,135,1,【小明一分钟】开箱小米18pro max透明版和风火轮RLC F40,42184543213,256.401,1,25,16777215,2026-09-25 15:11:24,1790320284,0,4e69ab58,2208125600588289792,Up主跟我一样 要么小米 如果没有小米，那就只能选苹果了
BV1zWh16GE1N,117330067590910,【小明一分钟】开箱小米18pro max透明版和风火轮RLC F40,我找小明,2026-09-25 13:43:46,15080,135,1,【小明一分钟】开箱小米18pro max透明版和风火轮RLC F40,42184543213,53.481,1,25,16777215,2026-09-25 15:12:36,1790320356,0,3a9867b,2208126206934089472,理性的
BV1zWh16GE1N,117330067590910,【小明一分钟】开箱小米18pro max透明版和风火轮RLC F40,我找小明,2026-09-25 13:43:46,15080,135,1,【小明一分钟】开箱小米18pro max透明版和风火轮RLC F40,42184543213,343.487,1,25,16777215,2026-09-25 15:12:58,1790320378,0,4e69ab58,2208126391717940736,有的你买蓝色就有亮面
BV1zWh16GE1N,117330067590910,【小明一分钟】开箱小米18pro max透明版和风火轮RLC F40,我找小明,2026-09-25 13:43:46,15080,135,1,【小明一分钟】开箱小米18pro max透明版和风火轮RLC F40,42184543213,42.936,1,25,16777215,2026-09-25 19:20:29,1790335229,0,6f1ae0d5,2208250969031331072,没争议，自个的钱愿意扔了烧了都行
BV1zWh16GE1N,117330067590910,【小明一分钟】开箱小米18pro max透明版和风火轮RLC F40,我找小明,2026-09-25 13:43:46,15080,135,1,【小明一分钟】开箱小米18pro max透明版和风火轮RLC F40,42184543213,159.805,1,25,16777215,2026-09-25 19:46:10,1790336770,0,c57b784,2208263894987099904,这包装就得300块
BV1zWh16GE1N,117330067590910,【小明一分钟】开箱小米18pro max透明版和风火轮RLC F40,我找小明,2026-09-25 13:43:46,15080,135,1,【小明一分钟】开箱小米18pro max透明版和风火轮RLC F40,42184543213,251.499,1,25,16777215,2026-09-25 21:35:47,1790343347,0,3580f6a,2208319068950857216,懂
BV1zWh16GE1N,117330067590910,【小明一分钟】开箱小米18pro max透明版和风火轮RLC F40,我找小明,2026-09-25 13:43:46,15080,135,1,【小明一分钟】开箱小米18pro max透明版和风火轮RLC F40,42184543213,22.132,1,25,16777215,2026-09-26 04:19:22,1790367562,0,7785facb,2208522203170105600,nb
BV1zWh16GE1N,117330067590910,【小明一分钟】开箱小米18pro max透明版和风火轮RLC F40,我找小明,2026-09-25 13:43:46,15080,135,1,【小明一分钟】开箱小米18pro max透明版和风火轮RLC F40,42184543213,322.620,1,25,16777215,2026-09-26 04:25:43,1790367943,0,7785facb,2208525399950892544,不错
BV1zWh16GE1N,117330067590910,【小明一分钟】开箱小米18pro max透明版和风火轮RLC F40,我找小明,2026-09-25 13:43:46,15080,135,1,【小明一分钟】开箱小米18pro max透明版和风火轮RLC F40,42184543213,202.016,5,25,16777215,2026-09-26 09:16:04,1790385364,0,779915d9,2208671530592970240,买个充电头保护套保护一下（doge）
BV1zWh16GE1N,117330067590910,【小明一分钟】开箱小米18pro max透明版和风火轮RLC F40,我找小明,2026-09-25 13:43:46,15080,135,1,【小明一分钟】开箱小米18pro max透明版和风火轮RLC F40,42184543213,195.606,1,25,16777215,2026-09-26 09:18:23,1790385503,0,e8bcd09d,2208672703463226624,这才是真正的透明板
BV1zWh16GE1N,117330067590910,【小明一分钟】开箱小米18pro max透明版和风火轮RLC F40,我找小明,2026-09-25 13:43:46,15080,135,1,【小明一分钟】开箱小米18pro max透明版和风火轮RLC F40,42184543213,208.998,1,25,8700107,2026-09-26 10:18:25,1790389105,0,f324c217,2208702914590738432,为了好看，普通版里面是塞满导热硅脂
BV1zWh16GE1N,117330067590910,【小明一分钟】开箱小米18pro max透明版和风火轮RLC F40,我找小明,2026-09-25 13:43:46,15080,135,1,【小明一分钟】开箱小米18pro max透明版和风火轮RLC F40,42184543213,9.661,1,25,16777215,2026-09-26 12:51:19,1790398279,0,cc0208ed,2208779875690205184,一分钟
BV1zWh16GE1N,117330067590910,【小明一分钟】开箱小米18pro max透明版和风火轮RLC F40,我找小明,2026-09-25 13:43:46,15080,135,1,【小明一分钟】开箱小米18pro max透明版和风火轮RLC F40,42184543213,57.642,1,25,16777215,2026-09-26 12:52:21,1790398341,0,cc0208ed,2208780393820986368,石头是怎么练成的
BV1zWh16GE1N,117330067590910,【小明一分钟】开箱小米18pro max透明版和风火轮RLC F40,我找小明,2026-09-25 13:43:46,15080,135,1,【小明一分钟】开箱小米18pro max透明版和风火轮RLC F40,42184543213,75.042,1,25,16777215,2026-09-26 13:07:03,1790399223,0,83a310e0,2208787788882004992,Pro2
BV1zWh16GE1N,117330067590910,【小明一分钟】开箱小米18pro max透明版和风火轮RLC F40,我找小明,2026-09-25 13:43:46,15080,135,1,【小明一分钟】开箱小米18pro max透明版和风火轮RLC F40,42184543213,220.348,1,25,16777215,2026-09-26 15:15:19,1790406919,0,87dc005b,2208852353120016640,看了3分钟了 视频是没开声吗？
BV1zWh16GE1N,117330067590910,【小明一分钟】开箱小米18pro max透明版和风火轮RLC F40,我找小明,2026-09-25 13:43:46,15080,135,1,【小明一分钟】开箱小米18pro max透明版和风火轮RLC F40,42184543213,83.878,1,25,16777215,2026-09-26 16:51:38,1790412698,0,73a5ec53,2208900824838261504,老哥你是珍爱啊
BV1zWh16GE1N,117330067590910,【小明一分钟】开箱小米18pro max透明版和风火轮RLC F40,我找小明,2026-09-25 13:43:46,15080,135,1,【小明一分钟】开箱小米18pro max透明版和风火轮RLC F40,42184543213,281.365,1,25,16777215,2026-09-26 17:35:21,1790415321,0,e10009a5,2208922828895225344,只能苹果或者小米+1 UI风格习惯了吧，这俩接近
BV1zWh16GE1N,117330067590910,【小明一分钟】开箱小米18pro max透明版和风火轮RLC F40,我找小明,2026-09-25 13:43:46,15080,135,1,【小明一分钟】开箱小米18pro max透明版和风火轮RLC F40,42184543213,262.192,1,25,16777215,2026-09-26 22:51:07,1790434267,0,acbea615,2209081763815666944,一样的，要么小米要么苹果，次一点一加努比亚
BV1zWh16GE1N,117330067590910,【小明一分钟】开箱小米18pro max透明版和风火轮RLC F40,我找小明,2026-09-25 13:43:46,15080,135,1,【小明一分钟】开箱小米18pro max透明版和风火轮RLC F40,42184543213,5.205,1,25,16777215,2026-09-26 23:29:05,1790436545,0,49e560db,2209100874398125056,中秋快乐
BV1zWh16GE1N,117330067590910,【小明一分钟】开箱小米18pro max透明版和风火轮RLC F40,我找小明,2026-09-25 13:43:46,15080,135,1,【小明一分钟】开箱小米18pro max透明版和风火轮RLC F40,42184543213,335.434,1,25,16777215,2026-09-26 23:36:32,1790436992,0,e262f1ec,2209104620700708608,不是用苹果吗
BV1zWh16GE1N,117330067590910,【小明一分钟】开箱小米18pro max透明版和风火轮RLC F40,我找小明,2026-09-25 13:43:46,15080,135,1,【小明一分钟】开箱小米18pro max透明版和风火轮RLC F40,42184543213,8.805,1,25,16777215,2026-09-27 00:21:19,1790439679,0,1e7c74ca,2209127164623042816,实体店看，整体质感和背屏更顺滑了
BV1zWh16GE1N,117330067590910,【小明一分钟】开箱小米18pro max透明版和风火轮RLC F40,我找小明,2026-09-25 13:43:46,15080,135,1,【小明一分钟】开箱小米18pro max透明版和风火轮RLC F40,42184543213,329.637,1,25,16777215,2026-09-27 05:50:20,1790459420,0,dbc81f75,2209292764871431936,这上面还有灰尘？
BV1zWh16GE1N,117330067590910,【小明一分钟】开箱小米18pro max透明版和风火轮RLC F40,我找小明,2026-09-25 13:43:46,15080,135,1,【小明一分钟】开箱小米18pro max透明版和风火轮RLC F40,42184543213,94.926,1,25,16777215,2026-09-27 10:30:09,1790476209,0,a86c0518,2209433594911796224,就喜欢这个红色
BV1zWh16GE1N,117330067590910,【小明一分钟】开箱小米18pro max透明版和风火轮RLC F40,我找小明,2026-09-25 13:43:46,15080,135,1,【小明一分钟】开箱小米18pro max透明版和风火轮RLC F40,42184543213,169.187,1,25,16777215,2026-09-27 10:34:05,1790476445,0,a86c0518,2209435576502645504,也就喜欢 3分钟， 最后盒子就躺在柜子里吃吃灰
BV1zWh16GE1N,117330067590910,【小明一分钟】开箱小米18pro max透明版和风火轮RLC F40,我找小明,2026-09-25 13:43:46,15080,135,1,【小明一分钟】开箱小米18pro max透明版和风火轮RLC F40,42184543213,62.405,1,25,16777215,2026-09-27 14:30:38,1790490638,0,e1bc774a,2209554637534321408,蒜鸟 买了两次首发 第二年腰斩
BV1zWh16GE1N,117330067590910,【小明一分钟】开箱小米18pro max透明版和风火轮RLC F40,我找小明,2026-09-25 13:43:46,15080,135,1,【小明一分钟】开箱小米18pro max透明版和风火轮RLC F40,42184543213,262.687,1,25,16777215,2026-09-27 17:15:08,1790500508,0,4a738885,2209637435678322176,看了四分钟手机还没掏出来
BV1zWh16GE1N,117330067590910,【小明一分钟】开箱小米18pro max透明版和风火轮RLC F40,我找小明,2026-09-25 13:43:46,15080,135,1,【小明一分钟】开箱小米18pro max透明版和风火轮RLC F40,42184543213,106.381,1,25,16777215,2026-09-27 20:21:53,1790511713,0,8f4c674,2209731424863861760,我K30P买了3台，因为真全面屏
BV1zWh16GE1N,117330067590910,【小明一分钟】开箱小米18pro max透明版和风火轮RLC F40,我找小明,2026-09-25 13:43:46,15080,135,1,【小明一分钟】开箱小米18pro max透明版和风火轮RLC F40,42184543213,253.332,1,25,16777215,2026-09-27 23:07:20,1790521640,0,b2f10e4f,2209814697837601024,我工作也不让用苹果
BV1zWh16GE1N,117330067590910,【小明一分钟】开箱小米18pro max透明版和风火轮RLC F40,我找小明,2026-09-25 13:43:46,15080,135,1,【小明一分钟】开箱小米18pro max透明版和风火轮RLC F40,42184543213,189.834,1,25,16777215,2026-09-28 01:21:28,1790529688,0,79139a4c,2209882214236637440,为了好看硅脂打的有点少
BV1zWh16GE1N,117330067590910,【小明一分钟】开箱小米18pro max透明版和风火轮RLC F40,我找小明,2026-09-25 13:43:46,15080,135,1,【小明一分钟】开箱小米18pro max透明版和风火轮RLC F40,42184543213,82.612,1,25,16777215,2026-09-28 13:49:23,1790574563,0,2db47714,2210258652693127168,你对红色情有独钟
BV1zWh16GE1N,117330067590910,【小明一分钟】开箱小米18pro max透明版和风火轮RLC F40,我找小明,2026-09-25 13:43:46,15080,135,1,【小明一分钟】开箱小米18pro max透明版和风火轮RLC F40,42184543213,79.764,1,25,16777215,2026-09-28 17:52:51,1790589171,0,5c8bfac9,2210381191952037120,pro2S
BV1zWh16GE1N,117330067590910,【小明一分钟】开箱小米18pro max透明版和风火轮RLC F40,我找小明,2026-09-25 13:43:46,15080,135,1,【小明一分钟】开箱小米18pro max透明版和风火轮RLC F40,42184543213,127.000,1,25,16777215,2026-09-28 19:57:46,1790596666,0,a8c58064,2210444061583364864,苹果也有红的
BV1zWh16GE1N,117330067590910,【小明一分钟】开箱小米18pro max透明版和风火轮RLC F40,我找小明,2026-09-25 13:43:46,15080,135,1,【小明一分钟】开箱小米18pro max透明版和风火轮RLC F40,42184543213,46.061,5,25,16777215,2026-09-25 20:39:55,1790339995,0,5e3f49b4,2208290949078262784,保尔·柯察金
BV1zWh16GE1N,117330067590910,【小明一分钟】开箱小米18pro max透明版和风火轮RLC F40,我找小明,2026-09-25 13:43:46,15080,135,1,【小明一分钟】开箱小米18pro max透明版和风火轮RLC F40,42184543213,370.996,1,25,16777215,2026-09-25 18:26:01,1790331961,0,7f0ae270,2208223558793495296,确实帅
BV1zWh16GE1N,117330067590910,【小明一分钟】开箱小米18pro max透明版和风火轮RLC F40,我找小明,2026-09-25 13:43:46,15080,135,1,【小明一分钟】开箱小米18pro max透明版和风火轮RLC F40,42184543213,378.124,1,25,16777215,2026-09-25 18:59:52,1790333992,0,e4eb0bbe,2208240596861907712,真的帅
BV1zWh16GE1N,117330067590910,【小明一分钟】开箱小米18pro max透明版和风火轮RLC F40,我找小明,2026-09-25 13:43:46,15080,135,1,【小明一分钟】开箱小米18pro max透明版和风火轮RLC F40,42184543213,605.318,1,25,16777215,2026-09-25 21:41:20,1790343680,0,3580f6a,2208321864454689536,漂亮
BV1zWh16GE1N,117330067590910,【小明一分钟】开箱小米18pro max透明版和风火轮RLC F40,我找小明,2026-09-25 13:43:46,15080,135,1,【小明一分钟】开箱小米18pro max透明版和风火轮RLC F40,42184543213,470.181,1,25,16777215,2026-09-25 22:24:44,1790346284,0,9b60e12f,2208343709211913984,小米法拉利
BV1zWh16GE1N,117330067590910,【小明一分钟】开箱小米18pro max透明版和风火轮RLC F40,我找小明,2026-09-25 13:43:46,15080,135,1,【小明一分钟】开箱小米18pro max透明版和风火轮RLC F40,42184543213,420.525,1,25,16777215,2026-09-25 22:25:36,1790346336,0,9379bc14,2208344146593361664,开一个什么
BV1zWh16GE1N,117330067590910,【小明一分钟】开箱小米18pro max透明版和风火轮RLC F40,我找小明,2026-09-25 13:43:46,15080,135,1,【小明一分钟】开箱小米18pro max透明版和风火轮RLC F40,42184543213,449.248,5,25,15138834,2026-09-25 22:28:03,1790346483,0,9379bc14,2208345374635406336,中秋快乐
BV1zWh16GE1N,117330067590910,【小明一分钟】开箱小米18pro max透明版和风火轮RLC F40,我找小明,2026-09-25 13:43:46,15080,135,1,【小明一分钟】开箱小米18pro max透明版和风火轮RLC F40,42184543213,627.330,1,25,16777215,2026-09-26 00:47:54,1790354874,0,971eae92,2208415766926833152,靓啊
BV1zWh16GE1N,117330067590910,【小明一分钟】开箱小米18pro max透明版和风火轮RLC F40,我找小明,2026-09-25 13:43:46,15080,135,1,【小明一分钟】开箱小米18pro max透明版和风火轮RLC F40,42184543213,540.691,1,25,16777215,2026-09-26 04:29:21,1790368161,0,7785facb,2208527229363979008,哈哈哈哈
BV1zWh16GE1N,117330067590910,【小明一分钟】开箱小米18pro max透明版和风火轮RLC F40,我找小明,2026-09-25 13:43:46,15080,135,1,【小明一分钟】开箱小米18pro max透明版和风火轮RLC F40,42184543213,388.630,1,25,16777215,2026-09-26 07:25:50,1790378750,0,11ab9e63,2208616054899919872,帅个。。。。վ'ᴗ' ի
BV1zWh16GE1N,117330067590910,【小明一分钟】开箱小米18pro max透明版和风火轮RLC F40,我找小明,2026-09-25 13:43:46,15080,135,1,【小明一分钟】开箱小米18pro max透明版和风火轮RLC F40,42184543213,364.301,1,25,16777215,2026-09-26 12:35:01,1790397301,0,aaa4103f,2208771670222356992,透明在哪
BV1zWh16GE1N,117330067590910,【小明一分钟】开箱小米18pro max透明版和风火轮RLC F40,我找小明,2026-09-25 13:43:46,15080,135,1,【小明一分钟】开箱小米18pro max透明版和风火轮RLC F40,42184543213,703.795,1,25,16777215,2026-09-26 15:37:10,1790408230,0,c9a7ec19,2208863348690063872,可爱
BV1zWh16GE1N,117330067590910,【小明一分钟】开箱小米18pro max透明版和风火轮RLC F40,我找小明,2026-09-25 13:43:46,15080,135,1,【小明一分钟】开箱小米18pro max透明版和风火轮RLC F40,42184543213,706.447,5,25,15138834,2026-09-26 15:37:32,1790408252,0,c9a7ec19,2208863533289539840,看习惯就行了
BV1zWh16GE1N,117330067590910,【小明一分钟】开箱小米18pro max透明版和风火轮RLC F40,我找小明,2026-09-25 13:43:46,15080,135,1,【小明一分钟】开箱小米18pro max透明版和风火轮RLC F40,42184543213,445.275,1,25,16777215,2026-09-26 16:22:14,1790410934,0,fc4b86f,2208886031544784384,饺子醋来了
BV1zWh16GE1N,117330067590910,【小明一分钟】开箱小米18pro max透明版和风火轮RLC F40,我找小明,2026-09-25 13:43:46,15080,135,1,【小明一分钟】开箱小米18pro max透明版和风火轮RLC F40,42184543213,369.898,1,25,16777215,2026-09-26 22:54:05,1790434445,0,acbea615,2209083253925731072,透明后盖不就是透明吗？
BV1zWh16GE1N,117330067590910,【小明一分钟】开箱小米18pro max透明版和风火轮RLC F40,我找小明,2026-09-25 13:43:46,15080,135,1,【小明一分钟】开箱小米18pro max透明版和风火轮RLC F40,42184543213,416.861,1,25,16777215,2026-09-26 22:54:57,1790434497,0,acbea615,2209083693623080960,开什么？
BV1zWh16GE1N,117330067590910,【小明一分钟】开箱小米18pro max透明版和风火轮RLC F40,我找小明,2026-09-25 13:43:46,15080,135,1,【小明一分钟】开箱小米18pro max透明版和风火轮RLC F40,42184543213,384.244,1,25,16777215,2026-09-27 10:38:42,1790476722,0,a86c0518,2209437897890431232,徕卡版红米hhhh
BV1zWh16GE1N,117330067590910,【小明一分钟】开箱小米18pro max透明版和风火轮RLC F40,我找小明,2026-09-25 13:43:46,15080,135,1,【小明一分钟】开箱小米18pro max透明版和风火轮RLC F40,42184543213,398.380,1,25,16777215,2026-09-27 20:26:18,1790511978,0,8f4c674,2209733653397955072,过度的一样积灰
